dfg_id,inst_name,level,parent_name,dfg_id_parent
14332,Bibliotheks- und Informationssystem (BIS),level0,Carl von Ossietzky Universität Oldenburg,10233
14349,Center für lebenslanges Lernen (C3L),level0,Carl von Ossietzky Universität Oldenburg,10233
19052,"CMC - Center for Migration, Education and Cultural Studies",level0,Carl von Ossietzky Universität Oldenburg,10233
35245680,COAST - Zentrum für Umwelt- und Nachhaltigkeitsforschung,level0,Carl von Ossietzky Universität Oldenburg,10233
25628,ecco-ecology + communication Unternehmensberatung GmbH,level0,Carl von Ossietzky Universität Oldenburg,10233
14334,Fakultät I - Bildungs- und Sozialwissenschaften,level0,Carl von Ossietzky Universität Oldenburg,10233
19050,Institut für Pädagogik,level1,Carl von Ossietzky Universität Oldenburg,10233
25499,Arbeitsbereich Bildungsmanagement,level2,Carl von Ossietzky Universität Oldenburg,10233
35245672,Arbeitsbereich Didaktik des Sachunterrichts,level2,Carl von Ossietzky Universität Oldenburg,10233
522528061,Arbeitsbereich Pädagogik und Didaktik der Elementar- und Primarbildung,level2,Carl von Ossietzky Universität Oldenburg,10233
35245668,Arbeitsgruppe Pädagogik,level2,Carl von Ossietzky Universität Oldenburg,10233
19051,Institut für Sonder- und Rehabilitatiospädagogik,level1,Carl von Ossietzky Universität Oldenburg,10233
467138631,Fachgruppe Heterogenität und Diversität unter besonderer Berücksichtigung inklusiver Bildungsprozesse,level2,Carl von Ossietzky Universität Oldenburg,10233
25603,Fachgruppe Pädagogik bei Verhaltensstörungen - emotionale und soziale Entwicklung,level2,Carl von Ossietzky Universität Oldenburg,10233
25624,Fachgruppe Pädagogik und Didaktik bei Beeinträchtigungen der körperlichen und motorischen Entwicklung sowie chronischen und progredienten Erkrankungen,level2,Carl von Ossietzky Universität Oldenburg,10233
19053,Fachgruppe Pädagogik und Didaktik bei Beeinträchtigungen des Lernens,level2,Carl von Ossietzky Universität Oldenburg,10233
152147068,Fachgruppe Sonder- und Rehabilitationspädagogische Psychologie,level2,Carl von Ossietzky Universität Oldenburg,10233
536303487,Fachgruppe Sprache und Kommunikation und ihre sonderpädagogische Förderung unter besonderer Berücksichtigung inklusiver Bildungsprozesse,level2,Carl von Ossietzky Universität Oldenburg,10233
19068,Institut für Sozialwissenschaften,level1,Carl von Ossietzky Universität Oldenburg,10233
446799128,Abteilung für politische Bildung und Politikdidaktik,level2,Carl von Ossietzky Universität Oldenburg,10233
14341,"Fakultät II - Informatik, Wirtschafts- und Rechtswissenschaften",level0,Carl von Ossietzky Universität Oldenburg,10233
971941,Department für Informatik,level1,Carl von Ossietzky Universität Oldenburg,10233
26024,Abteilung Business Engineering,level2,Carl von Ossietzky Universität Oldenburg,10233
454274525,Abteilung Digitalisierte Energiesysteme,level2,Carl von Ossietzky Universität Oldenburg,10233
26033,Abteilung Eingebettete Hardware-/Software-Systeme,level2,Carl von Ossietzky Universität Oldenburg,10233
26034,Juniorprofessur für Komplexe Integrierte Systeme/Eingebettete Systeme,level3,Carl von Ossietzky Universität Oldenburg,10233
231789162,Abteilung Energieinformatik,level2,Carl von Ossietzky Universität Oldenburg,10233
26022,Abteilung Entwicklung korrekter Systeme,level2,Carl von Ossietzky Universität Oldenburg,10233
26021,Abteilung Formale Sprachen,level2,Carl von Ossietzky Universität Oldenburg,10233
569058731,Abteilung für Safety-Security-Interaction,level2,Carl von Ossietzky Universität Oldenburg,10233
26023,Abteilung Informationssysteme,level2,Carl von Ossietzky Universität Oldenburg,10233
57833255,Abteilung Mikrorobotik und Regelungstechnik,level2,Carl von Ossietzky Universität Oldenburg,10233
26020,Abteilung Parallele Systeme,level2,Carl von Ossietzky Universität Oldenburg,10233
26025,Abteilung Rechnernetze und Telekommunikation,level2,Carl von Ossietzky Universität Oldenburg,10233
26032,Abteilung Sicherheitskritische eingebettete Systeme,level2,Carl von Ossietzky Universität Oldenburg,10233
26027,Abteilung Systemsoftware und verteilte Systeme,level2,Carl von Ossietzky Universität Oldenburg,10233
26026,Abteilung Umweltinformatik,level2,Carl von Ossietzky Universität Oldenburg,10233
526004882,Abteilung Wirtschaftsinformatik - Umwelt und Nachhaltigkeit,level2,Carl von Ossietzky Universität Oldenburg,10233
26028,Abteilung Wirtschaftsinformatik I / VLBA,level2,Carl von Ossietzky Universität Oldenburg,10233
537284914,Arbeitsgruppe Data Science,level2,Carl von Ossietzky Universität Oldenburg,10233
26036,Hardware-Labor,level2,Carl von Ossietzky Universität Oldenburg,10233
26035,Software-Labor,level2,Carl von Ossietzky Universität Oldenburg,10233
20760362,Department für Wirtschafts- und Rechtswissenschaften,level1,Carl von Ossietzky Universität Oldenburg,10233
19076,Institut für Betriebswirtschaftslehre und Wirtschaftspädagogik,level2,Carl von Ossietzky Universität Oldenburg,10233
452553702,Lehrstuhl für Management,level3,Carl von Ossietzky Universität Oldenburg,10233
561060018,Lehrstuhl für Organisation und Leadership,level3,Carl von Ossietzky Universität Oldenburg,10233
26107,Lehrstuhl für Ökologische Ökonomie,level3,Carl von Ossietzky Universität Oldenburg,10233
25733,Lehrstuhl Nachhaltige Produktionswirtschaft,level3,Carl von Ossietzky Universität Oldenburg,10233
221901545,Stiftungsprofessur für Entrepreneurship,level3,Carl von Ossietzky Universität Oldenburg,10233
19075,Institut für Rechtswissenschaften,level2,Carl von Ossietzky Universität Oldenburg,10233
25718,Fachgebiet BR und Arbeitsrecht,level3,Carl von Ossietzky Universität Oldenburg,10233
25720,"Fachgebiet Europäisches und Internationales Wirtschaftsrecht, Zivilrecht",level3,Carl von Ossietzky Universität Oldenburg,10233
25725,Fachgebiet Steuerlehre und Steuerrecht,level3,Carl von Ossietzky Universität Oldenburg,10233
25723,Hanse Law School,level3,Carl von Ossietzky Universität Oldenburg,10233
25719,"Lehrstuhl für BR, Handels- und Wirtschaftsrecht sowie Rechtsinformatik",level3,Carl von Ossietzky Universität Oldenburg,10233
19074,Institut für Volkswirtschaftslehre,level2,Carl von Ossietzky Universität Oldenburg,10233
25730,Fachgebiet Internationale Wirtschaftsbeziehungen,level3,Carl von Ossietzky Universität Oldenburg,10233
22938,Fachgebiet Umwelt- und Entwicklungsökonomie,level3,Carl von Ossietzky Universität Oldenburg,10233
25731,Fachgebiet Wirtschaftspolitik,level3,Carl von Ossietzky Universität Oldenburg,10233
25728,Fachgebiet Wirtschaftstheorie,level3,Carl von Ossietzky Universität Oldenburg,10233
25729,Lehrstuhl für angewandte Makroökonomie,level3,Carl von Ossietzky Universität Oldenburg,10233
971942,Institut für Ökonomische Bildung,level2,Carl von Ossietzky Universität Oldenburg,10233
971950,Fakultät III - Sprach- und Kulturwissenschaften,level0,Carl von Ossietzky Universität Oldenburg,10233
19057,Institut für Anglistik und Amerikanistik,level1,Carl von Ossietzky Universität Oldenburg,10233
19054,Institut für Germanistik,level1,Carl von Ossietzky Universität Oldenburg,10233
971455,Fachgebiet Germanistische Sprachwissenschaft,level2,Carl von Ossietzky Universität Oldenburg,10233
971457,Fachgebiet Mediävistik,level2,Carl von Ossietzky Universität Oldenburg,10233
19059,Arbeitsbereich Mittelalterliche Literatur und Mediävistik,level3,Carl von Ossietzky Universität Oldenburg,10233
223229763,Institut für Kunst und visuelle Kultur,level1,Carl von Ossietzky Universität Oldenburg,10233
19060,Lehr- und Forschungsgebiet Kunst - Vermittlung - Bildung,level2,Carl von Ossietzky Universität Oldenburg,10233
19062,Lehr- und Forschungsgebiet Theorie und Geschichte gegenwärtiger Medien,level2,Carl von Ossietzky Universität Oldenburg,10233
25711,Institut für Materielle Kultur,level1,Carl von Ossietzky Universität Oldenburg,10233
229750310,Arbeitsgruppe Migration-Gender-Politics,level2,Carl von Ossietzky Universität Oldenburg,10233
19061,Institut für Musik,level1,Carl von Ossietzky Universität Oldenburg,10233
19055,Institut für Niederlandistik,level1,Carl von Ossietzky Universität Oldenburg,10233
19056,Institut für Slavistik,level1,Carl von Ossietzky Universität Oldenburg,10233
30847,Fakultät IV - Human- und Gesellschaftswissenschaften,level0,Carl von Ossietzky Universität Oldenburg,10233
19071,Institut für Evangelische Theologie und Religionspädagogik,level1,Carl von Ossietzky Universität Oldenburg,10233
516530345,Professur für Altes Testament und biblische Archäologie,level2,Carl von Ossietzky Universität Oldenburg,10233
19064,Institut für Geschichte,level1,Carl von Ossietzky Universität Oldenburg,10233
453971154,Abteilung Geschichte des Mittelalters,level2,Carl von Ossietzky Universität Oldenburg,10233
446202497,Professur für die Geschichte Europas der Neuzeit mit SP Osteuropas,level2,Carl von Ossietzky Universität Oldenburg,10233
19080,Institut für Philosophie,level1,Carl von Ossietzky Universität Oldenburg,10233
25709,Hannah Arendt-Zentrum,level2,Carl von Ossietzky Universität Oldenburg,10233
25745,Institut für Sportwissenschaft,level1,Carl von Ossietzky Universität Oldenburg,10233
25855,Arbeitsbereich Soziologie und Sportsoziologie,level2,Carl von Ossietzky Universität Oldenburg,10233
237235935,Arbeitsbereich Sport und Bewegung,level2,Carl von Ossietzky Universität Oldenburg,10233
25854,Arbeitsbereich Sport und Erziehung,level2,Carl von Ossietzky Universität Oldenburg,10233
971948,Fakultät V - Mathematik und Naturwissenschaften,level0,Carl von Ossietzky Universität Oldenburg,10233
14344,Institut für Biologie und Umweltwissenschaften (IBU),level1,Carl von Ossietzky Universität Oldenburg,10233
192648761,Arbeitsgruppe Biodiversität und Evolution der Pflanzen,level2,Carl von Ossietzky Universität Oldenburg,10233
85727082,Arbeitsgruppe Biodiversität und Evolution der Tiere,level2,Carl von Ossietzky Universität Oldenburg,10233
9173410,Arbeitsgruppe Bodenkunde,level2,Carl von Ossietzky Universität Oldenburg,10233
386861185,Arbeitsgruppe Evolutionäre Genetik der Pflanzen,level2,Carl von Ossietzky Universität Oldenburg,10233
25891,Arbeitsgruppe Funktionelle Ökologie der Pflanzen,level2,Carl von Ossietzky Universität Oldenburg,10233
538663131,Arbeitsgruppe Hydrogeologie und Landschaftwasserhaushalt,level2,Carl von Ossietzky Universität Oldenburg,10233
15642896,Arbeitsgruppe Landschaftsökologie,level2,Carl von Ossietzky Universität Oldenburg,10233
582018117,Arbeitsgruppe Navigationsbiologie,level2,Carl von Ossietzky Universität Oldenburg,10233
62912142,Arbeitsgruppe Neurosensorik,level2,Carl von Ossietzky Universität Oldenburg,10233
25892,Arbeitsgruppe Systematik und Evolutionsbiologie,level2,Carl von Ossietzky Universität Oldenburg,10233
337536229,Arbeitsgruppe Ökologische Genomik,level2,Carl von Ossietzky Universität Oldenburg,10233
14346,Institut für Chemie (IfC),level1,Carl von Ossietzky Universität Oldenburg,10233
25916,Arbeitsgruppe Anorganische Funktionsmaterialien mit Oxoanionen,level2,Carl von Ossietzky Universität Oldenburg,10233
25920,Arbeitsgruppe Didaktik der Chemie,level2,Carl von Ossietzky Universität Oldenburg,10233
25918,Arbeitsgruppe Nanophotonik und Grenzflächenchemie,level2,Carl von Ossietzky Universität Oldenburg,10233
25919,Arbeitsgruppe Technische Chemie 1,level2,Carl von Ossietzky Universität Oldenburg,10233
25925,Arbeitsgruppe Technische Chemie 2,level2,Carl von Ossietzky Universität Oldenburg,10233
25921,Arbeitsgruppe Theoretische Chemie,level2,Carl von Ossietzky Universität Oldenburg,10233
25917,Arbeitskreis Organische Chemie,level2,Carl von Ossietzky Universität Oldenburg,10233
14347,Institut für Chemie und Biologie des Meeres (ICBM),level1,Carl von Ossietzky Universität Oldenburg,10233
25867,Arbeitsgruppe Biologie Geologischer Prozesse,level2,Carl von Ossietzky Universität Oldenburg,10233
575381504,Arbeitsgruppe Marine Sensorsysteme (MSYS),level2,Carl von Ossietzky Universität Oldenburg,10233
268467189,Arbeitsgruppe Meeresoberflächen,level2,Carl von Ossietzky Universität Oldenburg,10233
25868,Arbeitsgruppe Physikalische Ozeanographie (Theorie),level2,Carl von Ossietzky Universität Oldenburg,10233
257191416,Arbeitsgruppe Planktologie,level2,Carl von Ossietzky Universität Oldenburg,10233
525025438,Arbeitsgruppe Umweltbiochemie,level2,Carl von Ossietzky Universität Oldenburg,10233
25928,Forschungsgruppe für Marine Geochemie,level2,Carl von Ossietzky Universität Oldenburg,10233
19185798,Forschungsgruppe Geoökologie,level2,Carl von Ossietzky Universität Oldenburg,10233
259435841,"ICBM-Terramare, Wilhelmshaven",level2,Carl von Ossietzky Universität Oldenburg,10233
14343,Institut für Mathematik (IFM),level1,Carl von Ossietzky Universität Oldenburg,10233
14345,Institut für Physik (IFP),level1,Carl von Ossietzky Universität Oldenburg,10233
541369582,Arbeitsgruppe Quantenbiologie und Computerphysik,level2,Carl von Ossietzky Universität Oldenburg,10233
981008,Arbeitsgruppe Theorie der kondensierten Materie,level2,Carl von Ossietzky Universität Oldenburg,10233
276859899,Arbeitsgruppe Ultraschnelle Kohärente Dynamik,level2,Carl von Ossietzky Universität Oldenburg,10233
25902,Arbeitsgruppe Ultraschnelle Nano-Optik,level2,Carl von Ossietzky Universität Oldenburg,10233
554821807,Professur Grundlagen der Turbulenz und komplexer Systeme,level2,Carl von Ossietzky Universität Oldenburg,10233
247605224,Fakultät VI: Medizin und Gesundheitswissenschaften,level0,Carl von Ossietzky Universität Oldenburg,10233
278672770,Department für Humanmedizin,level1,Carl von Ossietzky Universität Oldenburg,10233
437479595,Abteilung für Anatomie,level2,Carl von Ossietzky Universität Oldenburg,10233
414114124,Abteilung für Anästhesiologie/Intensivmedizin,level2,Carl von Ossietzky Universität Oldenburg,10233
493890825,Abteilung für Pharmakologie und Toxikologie,level2,Carl von Ossietzky Universität Oldenburg,10233
450397312,Abteilung für Physiologie,level2,Carl von Ossietzky Universität Oldenburg,10233
278673740,Abteilung Humangenetik,level2,Carl von Ossietzky Universität Oldenburg,10233
374524052,Abteilung Medizinische Ausbildung und Ausbildungsforschung,level2,Carl von Ossietzky Universität Oldenburg,10233
431354312,Abteilung Perioperative Inflammation und Infektion,level2,Carl von Ossietzky Universität Oldenburg,10233
452148732,Institut für Immunologie,level2,Carl von Ossietzky Universität Oldenburg,10233
510276371,Institut für Medizinische Mikrobiologie und Virologie,level2,Carl von Ossietzky Universität Oldenburg,10233
524198873,Universitätsinstitut für Klinische Chemie und Laboratoriumsmedizin,level2,Carl von Ossietzky Universität Oldenburg,10233
414102814,Universitätsklinik für Anästhesiologie/Intensivmedizin/Notfallmedizin/Schmerztherapie,level2,Carl von Ossietzky Universität Oldenburg,10233
429617336,Universitätsklinik für Augenheilkunde,level2,Carl von Ossietzky Universität Oldenburg,10233
387764526,Universitätsklinik für Dermatologie und Allergologie,level2,Carl von Ossietzky Universität Oldenburg,10233
596619656,Universitätsklinik für Gynäkologie und Geburtshilfe,level2,Carl von Ossietzky Universität Oldenburg,10233
322873092,Universitätsklinik für Hals-Nasen-Ohren-Heilkunde,level2,Carl von Ossietzky Universität Oldenburg,10233
596543279,Universitätsklinik für Innere Medizin - Onkologie und Haematologie,level2,Carl von Ossietzky Universität Oldenburg,10233
546747504,Universitätsklinik für Kinder- und Jugendmedizin,level2,Carl von Ossietzky Universität Oldenburg,10233
546748564,Arbeitsgruppe Perinatale Neurobiologie,level3,Carl von Ossietzky Universität Oldenburg,10233
576835811,"Universitätsklinik für Kinder- und Jugendpsychiatrie, Psychosomatik und Psychotherapie",level2,Carl von Ossietzky Universität Oldenburg,10233
428147388,Universitätsklinik für Neurochirurgie,level2,Carl von Ossietzky Universität Oldenburg,10233
460202126,Universitätsklinik für Neurologie,level2,Carl von Ossietzky Universität Oldenburg,10233
444923240,Universitätsklinik für Psychiatrie und Psychotherapie,level2,Carl von Ossietzky Universität Oldenburg,10233
444923583,Forschungsgruppe Neuromodulation of Emotion (NEMO),level3,Carl von Ossietzky Universität Oldenburg,10233
468252979,Universitätsklinik für Viszeralchirurgie,level2,Carl von Ossietzky Universität Oldenburg,10233
247606490,Department für Neurowissenschaften,level1,Carl von Ossietzky Universität Oldenburg,10233
591372729,Abteilung Zelluläre Kommunikation in neurosensorischen Systemen,level2,Carl von Ossietzky Universität Oldenburg,10233
249456464,Arbeitsgruppe Biochemie,level2,Carl von Ossietzky Universität Oldenburg,10233
279589923,Arbeitsgruppe Cochlear- und Hirnstammphysiologie,level2,Carl von Ossietzky Universität Oldenburg,10233
410353893,Arbeitsgruppe Computational Neuroscience,level2,Carl von Ossietzky Universität Oldenburg,10233
26050,Arbeitsgruppe Molekulare Neurobiologie /Neurochemie,level2,Carl von Ossietzky Universität Oldenburg,10233
25894,Arbeitsgruppe Neurobiologie,level2,Carl von Ossietzky Universität Oldenburg,10233
258547048,Arbeitsgruppe Neurobiologie des Hörens,level2,Carl von Ossietzky Universität Oldenburg,10233
285514824,Arbeitsgruppe Neurobiologie des Sehens,level2,Carl von Ossietzky Universität Oldenburg,10233
25890,Arbeitsgruppe Neurogenetik,level2,Carl von Ossietzky Universität Oldenburg,10233
25893,Arbeitsgruppe Zoophysiologie und Verhalten,level2,Carl von Ossietzky Universität Oldenburg,10233
30829,Department für Psychologie,level1,Carl von Ossietzky Universität Oldenburg,10233
19081,Abteilung Allgemeine Psychologie,level2,Carl von Ossietzky Universität Oldenburg,10233
254945140,Abteilung Biologische Psychologie,level2,Carl von Ossietzky Universität Oldenburg,10233
25739,Abteilung für Angewandte Neurokognitive Psychologie,level2,Carl von Ossietzky Universität Oldenburg,10233
19078,Abteilung Kognitive Psychologie,level2,Carl von Ossietzky Universität Oldenburg,10233
19079,Abteilung Neuropsychologie,level2,Carl von Ossietzky Universität Oldenburg,10233
418555072,Abteilung Psychologische Methodenlehre und Statistik,level2,Carl von Ossietzky Universität Oldenburg,10233
517571320,Juniorprofessur für Ambulantes Assessment in der Psychologie,level2,Carl von Ossietzky Universität Oldenburg,10233
575774128,Professur Translationale Psychologie,level2,Carl von Ossietzky Universität Oldenburg,10233
268532633,Department für Versorgungsforschung,level1,Carl von Ossietzky Universität Oldenburg,10233
268550113,Abteilung Allgemeinmedizin,level2,Carl von Ossietzky Universität Oldenburg,10233
401385791,Abteilung Ambulante Versorgung und Pharmakoepidemiologie,level2,Carl von Ossietzky Universität Oldenburg,10233
981418,Abteilung Assistenzsysteme und Medizintechnik (AMT),level2,Carl von Ossietzky Universität Oldenburg,10233
547864778,Abteilung Big Data in der Medizin,level2,Carl von Ossietzky Universität Oldenburg,10233
268532637,Abteilung Epidemiologie und Biometrie,level2,Carl von Ossietzky Universität Oldenburg,10233
426213746,Abteilung für Ethik in der Medizin,level2,Carl von Ossietzky Universität Oldenburg,10233
593247368,Abteilung für Gesundheitsökonomie,level2,Carl von Ossietzky Universität Oldenburg,10233
502516595,Abteilung Geriatrie,level2,Carl von Ossietzky Universität Oldenburg,10233
449063845,Abteilung Gesundheit und Versorgungssysteme mit Schwerpunkt internationaler Vergleich,level2,Carl von Ossietzky Universität Oldenburg,10233
532588975,Abteilung Künstliche Intelligenz in der Gesundheit (AI4Health),level2,Carl von Ossietzky Universität Oldenburg,10233
317002326,Abteilung Medizinische Informatik,level2,Carl von Ossietzky Universität Oldenburg,10233
495911766,Abteilung Organisationsbezogene Versorgungsforschung,level2,Carl von Ossietzky Universität Oldenburg,10233
539179948,Abteilung Pflegewissenschaft,level2,Carl von Ossietzky Universität Oldenburg,10233
553728003,Abteilung Präventions- und Rehabilitationsforschung,level2,Carl von Ossietzky Universität Oldenburg,10233
399362517,Nachwuchsgruppe Rehaforschung,level2,Carl von Ossietzky Universität Oldenburg,10233
259503430,Department Medizinische Physik und Akustik,level1,Carl von Ossietzky Universität Oldenburg,10233
458905672,Abteilung Auditorische Signalverarbeitung und Hörhilfen,level2,Carl von Ossietzky Universität Oldenburg,10233
289552955,Abteilung für Medizinische Strahlenphysik,level2,Carl von Ossietzky Universität Oldenburg,10233
25899,Abteilung Medizinische Physik,level2,Carl von Ossietzky Universität Oldenburg,10233
578793166,Abteilung Physiologie und Modellierung Auditorischer Wahrnehmung,level2,Carl von Ossietzky Universität Oldenburg,10233
230949469,Abteilung Signalverarbeitung,level2,Carl von Ossietzky Universität Oldenburg,10233
495396875,Abteilung Sprachtechnologie und Hörgeräte,level2,Carl von Ossietzky Universität Oldenburg,10233
259503811,Arbeitsgruppe Machine Learning,level2,Carl von Ossietzky Universität Oldenburg,10233
495396086,Arbeitsgruppe Musikwahrnehmung und -verarbeitung,level2,Carl von Ossietzky Universität Oldenburg,10233
260306021,European Medical School Oldenburg-Groningen,level1,Carl von Ossietzky Universität Oldenburg,10233
550935347,Universitätsinstitut für Medizinische Genetik,level1,Carl von Ossietzky Universität Oldenburg,10233
25641,Forschungszentrum Neurosensorik,level0,Carl von Ossietzky Universität Oldenburg,10233
78948230,ForWind - Zentrum für Windenergieforschung,level0,Carl von Ossietzky Universität Oldenburg,10233
25649,Hochschulsport,level0,Carl von Ossietzky Universität Oldenburg,10233
25632,Institute for Science Networking Oldenburg GmbH,level0,Carl von Ossietzky Universität Oldenburg,10233
972459,Oldenburger Fortbildungszentrum (OFZ),level0,Carl von Ossietzky Universität Oldenburg,10233
25644,Zentrum für interdisziplinäre Frauen- und Geschlechterforschung (ZFG),level0,Carl von Ossietzky Universität Oldenburg,10233
26054,Studiengang Frauen- und Geschlechterstudien,level1,Carl von Ossietzky Universität Oldenburg,10233
26041,Zentrum für Lehrkräftebildung - Didaktisches Zentrum (DIZ),level0,Carl von Ossietzky Universität Oldenburg,10233
318387046,Bibliothek,level0,"Hochschule für Musik, Theater und Medien Hannover",10246
240032666,Europäisches Zentrum für Jüdische Musik (EZJM),level0,"Hochschule für Musik, Theater und Medien Hannover",10246
527918182,Fachbereich Musiktheorie,level0,"Hochschule für Musik, Theater und Medien Hannover",10246
195865783,Forschungszentrum Musik und Gender,level0,"Hochschule für Musik, Theater und Medien Hannover",10246
240032826,Institut für Alte Musik,level0,"Hochschule für Musik, Theater und Medien Hannover",10246
13819,Institut für Journalistik und Kommunikationsforschung,level0,"Hochschule für Musik, Theater und Medien Hannover",10246
240033260,Institut für Kammermusik,level0,"Hochschule für Musik, Theater und Medien Hannover",10246
13820,Institut für Musikphysiologie und Musikermedizin (IMMM),level0,"Hochschule für Musik, Theater und Medien Hannover",10246
970831,Institut für Musikpädagogische Forschung (ifmpf),level0,"Hochschule für Musik, Theater und Medien Hannover",10246
28554,Institut für Neue Musik,level0,"Hochschule für Musik, Theater und Medien Hannover",10246
30044,Institut zur Früh-Förderung musikalisch Hochbegabter (IFF),level0,"Hochschule für Musik, Theater und Medien Hannover",10246
972467,Musikwissenschaftliches Institut,level0,"Hochschule für Musik, Theater und Medien Hannover",10246
240034209,Popinstitut Hannover,level0,"Hochschule für Musik, Theater und Medien Hannover",10246
66373210,Studienzentrum Weltmusik,level0,"Hochschule für Musik, Theater und Medien Hannover",10246
198021258,Standort Elsfleth,level0,Jade Hochschule Wilhelmshaven/Oldenburg/Elsfleth,10533
178318669,Fachbereich Seefahrt und Logistik,level1,Jade Hochschule Wilhelmshaven/Oldenburg/Elsfleth,10533
131747347,Standort Oldenburg,level0,Jade Hochschule Wilhelmshaven/Oldenburg/Elsfleth,10533
20683600,Fachbereich Architektur,level1,Jade Hochschule Wilhelmshaven/Oldenburg/Elsfleth,10533
198013028,Institut für Architektur und Städtebau Oldenburg (IASO),level2,Jade Hochschule Wilhelmshaven/Oldenburg/Elsfleth,10533
198016047,Institut für Baumanagement (IBM),level2,Jade Hochschule Wilhelmshaven/Oldenburg/Elsfleth,10533
198008925,Institut für Intermediale Gestaltung und Darstellung (IGD),level2,Jade Hochschule Wilhelmshaven/Oldenburg/Elsfleth,10533
198017796,Institut für nachhaltige Architektur und Umweltplanung (INAU),level2,Jade Hochschule Wilhelmshaven/Oldenburg/Elsfleth,10533
970987,"Fachbereich Bauwesen, Geoinformation, Gesundheitstechnologie",level1,Jade Hochschule Wilhelmshaven/Oldenburg/Elsfleth,10533
259837162,Abteilung für Technik und Gesundheit für Menschen,level2,Jade Hochschule Wilhelmshaven/Oldenburg/Elsfleth,10533
20777014,Institut für Hörtechnik und Audiologie,level3,Jade Hochschule Wilhelmshaven/Oldenburg/Elsfleth,10533
259840629,Institut für Technische Assistenzsysteme (ITAS),level3,Jade Hochschule Wilhelmshaven/Oldenburg/Elsfleth,10533
596774057,Public Health  M.Sc.,level3,Jade Hochschule Wilhelmshaven/Oldenburg/Elsfleth,10533
522643334,Studiengang Angewandte Pflegewissenschaft,level3,Jade Hochschule Wilhelmshaven/Oldenburg/Elsfleth,10533
560228227,Studiengang Logopädie,level3,Jade Hochschule Wilhelmshaven/Oldenburg/Elsfleth,10533
971792,Lehreinheit Geoinformation,level2,Jade Hochschule Wilhelmshaven/Oldenburg/Elsfleth,10533
20713,IAPG Institut für Angewandte Photogrammetrie und Geoinformatik (Standort Oldenburg),level3,Jade Hochschule Wilhelmshaven/Oldenburg/Elsfleth,10533
20764744,Institut für Mess- und Auswertetechnik (IMA),level3,Jade Hochschule Wilhelmshaven/Oldenburg/Elsfleth,10533
31537665,Studiengang Bauwesen,level2,Jade Hochschule Wilhelmshaven/Oldenburg/Elsfleth,10533
31537835,Bauchemisches Labor,level3,Jade Hochschule Wilhelmshaven/Oldenburg/Elsfleth,10533
9414967,Baustoffprüflabor - Institut für Materialprüfung,level3,Jade Hochschule Wilhelmshaven/Oldenburg/Elsfleth,10533
980474,Standort Wilhelmshaven,level0,Jade Hochschule Wilhelmshaven/Oldenburg/Elsfleth,10533
980742,Bibliothek Wilhelmshaven,level1,Jade Hochschule Wilhelmshaven/Oldenburg/Elsfleth,10533
981186,Fachbereich Ingenieurwissenschaften,level1,Jade Hochschule Wilhelmshaven/Oldenburg/Elsfleth,10533
562509849,Fachgebiet Informationstechnologie im Maschinenbau,level2,Jade Hochschule Wilhelmshaven/Oldenburg/Elsfleth,10533
198041683,Institut für C-Techniken (ICT),level2,Jade Hochschule Wilhelmshaven/Oldenburg/Elsfleth,10533
198041110,"Institut für Energie-, Verfahrens- und Umwelttechnik (EVU)",level2,Jade Hochschule Wilhelmshaven/Oldenburg/Elsfleth,10533
981185,Institut für Konstruktions- und Produktionstechnik (IKP),level2,Jade Hochschule Wilhelmshaven/Oldenburg/Elsfleth,10533
568724402,Institut für nachhaltige Energieversorgung (InEv),level2,Jade Hochschule Wilhelmshaven/Oldenburg/Elsfleth,10533
594873912,Studiengang Elektrotechnik (Bachelor),level2,Jade Hochschule Wilhelmshaven/Oldenburg/Elsfleth,10533
198022899,"Fachbereich Management, Information, Technologie (MIT)",level1,Jade Hochschule Wilhelmshaven/Oldenburg/Elsfleth,10533
198023158,Institut für Medienwirtschaft und Journalismus (InMWJ),level2,Jade Hochschule Wilhelmshaven/Oldenburg/Elsfleth,10533
198023984,Institut für Wirtschaftsinformatik (IfW),level2,Jade Hochschule Wilhelmshaven/Oldenburg/Elsfleth,10533
131685987,Fachbereich Wirtschaft und Gesellschaft,level1,Jade Hochschule Wilhelmshaven/Oldenburg/Elsfleth,10533
595847576,Institut für innovative Tourismus- und Freizeitwirtschaft (ITF),level2,Jade Hochschule Wilhelmshaven/Oldenburg/Elsfleth,10533
9415590,Studiengang Tourismuswirtschaft,level2,Jade Hochschule Wilhelmshaven/Oldenburg/Elsfleth,10533
496381661,Institut für Unternehmensgründung und Innovation (UGI),level1,Jade Hochschule Wilhelmshaven/Oldenburg/Elsfleth,10533
14353,Fachbereich Biologie / Chemie,level0,Universität Osnabrück,10244
971152,Abteilung Mitochondriale Dynamik,level1,Universität Osnabrück,10244
510065873,Arbeitsgruppe Bioanalytische Chemie,level1,Universität Osnabrück,10244
971153,Arbeitsgruppe Biochemie,level1,Universität Osnabrück,10244
577071606,Arbeitsgruppe Biodiversität und Landschaftsökologie,level1,Universität Osnabrück,10244
65676327,Arbeitsgruppe Biologiedidaktik,level1,Universität Osnabrück,10244
23016,Arbeitsgruppe Biophysik,level1,Universität Osnabrück,10244
23018,Arbeitsgruppe Botanik,level1,Universität Osnabrück,10244
583322583,Arbeitsgruppe Chemische Biologie der Membranen,level1,Universität Osnabrück,10244
578468024,Arbeitsgruppe Dynamik der multizellulären Signalgebung,level1,Universität Osnabrück,10244
23020,Arbeitsgruppe Genetik,level1,Universität Osnabrück,10244
23017,Arbeitsgruppe Mikrobiologie,level1,Universität Osnabrück,10244
445677262,Arbeitsgruppe Molekulare Infektionsbiologie,level1,Universität Osnabrück,10244
65676323,Arbeitsgruppe Molekulare Mikrobiologie,level1,Universität Osnabrück,10244
378066035,Arbeitsgruppe Molekulare Zellbiologie,level1,Universität Osnabrück,10244
30608,Arbeitsgruppe Neurobiologie,level1,Universität Osnabrück,10244
348885252,Arbeitsgruppe Strukturbiologie,level1,Universität Osnabrück,10244
23019,Arbeitsgruppe Tierphysiologie,level1,Universität Osnabrück,10244
23022,Arbeitsgruppe Zoologie-Entwicklungsbiologie,level1,Universität Osnabrück,10244
971500,Arbeitsgruppe Ökologie,level1,Universität Osnabrück,10244
65676331,Botanischer Garten,level1,Universität Osnabrück,10244
321861832,Center for Advanced Light Microscopy,level1,Universität Osnabrück,10244
19082,Institut für Chemie neuer Materialien,level1,Universität Osnabrück,10244
971516,Forschungsgruppe Funktionale Nanomaterialien,level2,Universität Osnabrück,10244
971517,Mesoskopische Strukturbildung in Nanoporen,level2,Universität Osnabrück,10244
26939,Organische Chemie - Molekulare Elektrochemie,level2,Universität Osnabrück,10244
387623070,Organische Materialchemie und Bioorganische Chemie (OMC),level2,Universität Osnabrück,10244
445758455,The electrochemical energy and catalysis group,level2,Universität Osnabrück,10244
452842735,Labor für zelluläre Kommunikation,level1,Universität Osnabrück,10244
23021,Lehrstuhl Pflanzenphysiologie,level1,Universität Osnabrück,10244
136600602,Verhaltensbiologie,level1,Universität Osnabrück,10244
14354,Fachbereich Erziehungs- und Kulturwissenschaften,level0,Universität Osnabrück,10244
19089,Fachgebiet Sachuntericht,level1,Universität Osnabrück,10244
19088,Institut für Erziehungswissenschaft,level1,Universität Osnabrück,10244
447756930,"Abteilung Allgemeine Erziehungswissenschaft, Sozialpädagogik und Frühe Bildung",level2,Universität Osnabrück,10244
519038886,Arbeitsbereich Didaktik der Sozialpädagogik,level3,Universität Osnabrück,10244
447758657,Arbeitsbereich Erziehungswissenschaft mit sozialpädagogischen Forschungsschwerpunkt,level3,Universität Osnabrück,10244
26558,Fachgebiet Allgemeine Pädagogik,level3,Universität Osnabrück,10244
230121126,Abteilung Berufs- und Wirtschaftspädagogik,level2,Universität Osnabrück,10244
20759312,Abteilung Schulpädagogik,level2,Universität Osnabrück,10244
230121601,Fachgebiet Frühkindliche Bildung/Elementarpädagogik,level2,Universität Osnabrück,10244
22851,Fachgebiet für Interkulturelle Pädagogik,level2,Universität Osnabrück,10244
230121936,"Fachgebiet Sozialisation, außerschulische Bildung und Erziehung",level2,Universität Osnabrück,10244
19084,Institut für Evangelische Theologie,level1,Universität Osnabrück,10244
319236702,Institut für Islamische Theologie (IIT),level1,Universität Osnabrück,10244
19087,Institut für Katholische Theologie,level1,Universität Osnabrück,10244
585381404,Fachgebiet Pastoraltheologie / Religionspädagogik,level2,Universität Osnabrück,10244
19085,Institut für Musikwissenschaft und Musikpädagogik,level1,Universität Osnabrück,10244
19086,Institut für Sport- und Bewegungswissenschaften,level1,Universität Osnabrück,10244
188368757,Studiengang für Islamische Religionspädagogik (IRP),level1,Universität Osnabrück,10244
14359,Fachbereich Humanwissenschaften,level0,Universität Osnabrück,10244
26907,Institut für Gesundheitsforschung und Bildung (IGB),level1,Universität Osnabrück,10244
526250986,Abteilung Didaktik der Humandienstleistungsberufe,level2,Universität Osnabrück,10244
457845746,Abteilung New Public Health,level2,Universität Osnabrück,10244
393186222,Biomedizinische Grundlagen,level2,Universität Osnabrück,10244
203560905,"Fachgebiet Dermatologie, Umweltmedizin, Gesundheitstheorie",level2,Universität Osnabrück,10244
229953988,Fachgebiet Pflegewissenschaft,level2,Universität Osnabrück,10244
565648373,Institut für Kognitionswissenschaft,level1,Universität Osnabrück,10244
19090,Institut für Philosophie,level1,Universität Osnabrück,10244
19102,Institut für Psychologie,level1,Universität Osnabrück,10244
971111,Fachgebiet Allgemeine Psychologie I,level2,Universität Osnabrück,10244
971753,Fachgebiet Allgemeine Psychologie II und Biologische Psychologie,level2,Universität Osnabrück,10244
29425,Fachgebiet Arbeits- und Organisationspsychologie,level2,Universität Osnabrück,10244
971110,Fachgebiet Differentielle Psychologie und Persönlichkeitsforschung,level2,Universität Osnabrück,10244
22407,Fachgebiet Entwicklung und Kultur,level2,Universität Osnabrück,10244
29429,"Fachgebiet Forschungsmethodik, Diagnostik und Evaluation",level2,Universität Osnabrück,10244
29428,Fachgebiet Klinische Psychologie und Psychotherapie,level2,Universität Osnabrück,10244
582446415,Fachgebiet Klinische Psychologie und Psychotherapie des Kindes- und Jugendalters,level2,Universität Osnabrück,10244
540501676,Fachgebiet Psychotherapieforschung und Klinische Psychologie,level2,Universität Osnabrück,10244
29430,Fachgebiet Pädagogische Psychologie,level2,Universität Osnabrück,10244
22406,Fachgebiet Sozialpsychologie,level2,Universität Osnabrück,10244
14355,Fachbereich Kultur- und Sozialwissenschaften,level0,Universität Osnabrück,10244
19093,Fachgebiet Kunst / Kunstpädagogik,level1,Universität Osnabrück,10244
19094,Fachgebiet Textiles Gestalten,level1,Universität Osnabrück,10244
19092,Historisches Seminar,level1,Universität Osnabrück,10244
23285,Abteilung Alte Geschichte / Archäologie,level2,Universität Osnabrück,10244
202505577,Abteilung Didaktik der Geschichte,level2,Universität Osnabrück,10244
23286,Abteilung Geschichte der Frühen Neuzeit,level2,Universität Osnabrück,10244
313515829,Abteilung Geschichte des Mittelalters,level2,Universität Osnabrück,10244
23284,Abteilung Neueste Geschichte,level2,Universität Osnabrück,10244
26381,Abteilung Wirtschafts- und Sozialgeschichte,level2,Universität Osnabrück,10244
19091,Institut für Geographie,level1,Universität Osnabrück,10244
14361,Institut Sozialwissenschaften,level1,Universität Osnabrück,10244
229969667,Fachgebiet Allgemeine Soziologie,level2,Universität Osnabrück,10244
229970479,Fachgebiet Europäische Integration,level2,Universität Osnabrück,10244
270036134,Fachgebiet International Vergleichende Politische Ökonomie,level2,Universität Osnabrück,10244
230010669,Fachgebiet Internationale Beziehungen und Friedens- und Konfliktforschung,level2,Universität Osnabrück,10244
230010860,Fachgebiet Migration und Gesellschaft,level2,Universität Osnabrück,10244
270037864,Fachgebiet Mikrosoziologie und qualitative Methoden der Sozialforschung,level2,Universität Osnabrück,10244
270038043,Fachgebiet Politische Theorie,level2,Universität Osnabrück,10244
230011987,Fachgebiet Quantitative Methoden der empirischen Sozialforschung und Sozialstrukturanalyse,level2,Universität Osnabrück,10244
270037672,Fachgebiet Staat und Innenpolitik,level2,Universität Osnabrück,10244
270037556,Fachgebiet Vergleichende Politikwissenschaft,level2,Universität Osnabrück,10244
270037462,Fachgebiet Wirtschaftssoziologie,level2,Universität Osnabrück,10244
14352,Interdisziplinäres Institut für Kulturgeschichte der Frühen Neuzeit,level1,Universität Osnabrück,10244
19095,Kunsthistorisches Institut,level1,Universität Osnabrück,10244
14357,Fachbereich Mathematik / Informatik / Physik,level0,Universität Osnabrück,10244
14358,Fach Physik,level1,Universität Osnabrück,10244
272704335,Arbeitsgruppe der Physikdidaktik,level2,Universität Osnabrück,10244
318265655,Arbeitsgruppe Dünne Schichten und Grenzflächen,level2,Universität Osnabrück,10244
326939561,Arbeitsgruppe Elektronische Struktur (Experiment),level2,Universität Osnabrück,10244
26917,Arbeitsgruppe Makromolekülstruktur,level2,Universität Osnabrück,10244
274374786,Arbeitsgruppe NanoScience,level2,Universität Osnabrück,10244
325524283,Arbeitsgruppe Quantenspintronik,level2,Universität Osnabrück,10244
397551366,Arbeitsgruppe Quantenthermodynamik,level2,Universität Osnabrück,10244
522856741,Arbeitsgruppe Rahe,level2,Universität Osnabrück,10244
321099269,Arbeitsgruppe Statistische Physik,level2,Universität Osnabrück,10244
356213853,Arbeitsgruppe Transport und Relaxation in Vielteilchensystemen (TuRiVOS),level2,Universität Osnabrück,10244
324231235,Arbeitsgruppe Ultrakurzzeitphysik,level2,Universität Osnabrück,10244
19099,Institut für Informatik,level1,Universität Osnabrück,10244
404136760,Arbeitsgruppe Medieninformatik,level2,Universität Osnabrück,10244
282184781,Arbeitsgruppe Theoretische Informatik,level2,Universität Osnabrück,10244
490821800,Arbeitsgruppe Umweltinformatik und Kommunalplanung,level2,Universität Osnabrück,10244
559378704,Lehrstuhl Wissensverarbeitung in hybriden KI-Systemen,level2,Universität Osnabrück,10244
454186092,Professur für Semantische Informationssysteme,level2,Universität Osnabrück,10244
19098,Institut für Mathematik,level1,Universität Osnabrück,10244
19097,Arbeitsgruppe Kognitive Mathematik,level2,Universität Osnabrück,10244
405644576,Arbeitsgruppe Topologie und Geometrie,level2,Universität Osnabrück,10244
14360,Fachbereich Rechtswissenschaften,level0,Universität Osnabrück,10244
546174838,Center for International Research on Chinese Law and Economics (CIRCLE),level1,Universität Osnabrück,10244
546174845,Professur für Chinesisches Recht,level2,Universität Osnabrück,10244
19103,Institut für Europäische Rechtswissenschaft,level1,Universität Osnabrück,10244
162762598,"Lehrstuhl für BR, Europäisches Privat- und Wirtschaftsrecht, Rechtsvergleichung und Europäische Rechtsgeschichte",level2,Universität Osnabrück,10244
26170,"Lehrstuhl für BR, Europäisches Privatrecht, Internationales Privatrecht",level2,Universität Osnabrück,10244
30245388,"Lehrstuhl für BR, Rechtsvergleichung, Europäisches und Internationales Privat- und Handelsrecht",level2,Universität Osnabrück,10244
162776718,"Lehrstuhl für Öffentliches Recht, Geschichte des europäischen öffentlichen Rechts und Verwaltungswissenschaften",level2,Universität Osnabrück,10244
162777102,Lehrstuhl für ÖR und Europarecht,level2,Universität Osnabrück,10244
26171,"Lehrstuhl für ÖR, Europarecht Völkerrecht und Rechtsvergleichung",level2,Universität Osnabrück,10244
19104,Institut für Finanz- und Steuerrecht,level1,Universität Osnabrück,10244
19108,Institut für Handels- und Wirtschaftsrecht,level1,Universität Osnabrück,10244
20754,"Lehrstuhl für BR, Arbeitsrecht, Handels- und Gesellschaftsrecht",level2,Universität Osnabrück,10244
19106,Institut für Kommunalrecht,level1,Universität Osnabrück,10244
521259964,"Institut für Staats-, Verwaltungs- und Wirtschaftsrecht (ISVWR)",level1,Universität Osnabrück,10244
521260977,"Professur für öffentliches Recht, Wirtschafts-, Finanz- und Steuerrecht",level2,Universität Osnabrück,10244
19107,Institut für Verfahrensrecht und allgemeine Verfahrensvergleichung,level1,Universität Osnabrück,10244
972102,Institut für Wirtschaftsstrafrecht,level1,Universität Osnabrück,10244
230654991,"Lehrstuhl für Strafrecht, Wirtschafts- und Steuerstrafrecht",level2,Universität Osnabrück,10244
14362,Fachbereich Sprach- und Literaturwissenschaft,level0,Universität Osnabrück,10244
19116,Institut für Anglistik / Amerikanistik,level1,Universität Osnabrück,10244
313718945,Arbeitsgebiet Amerikanistik,level2,Universität Osnabrück,10244
19126,Institut für Germanistik (IfG),level1,Universität Osnabrück,10244
19117,Institut für Romanistik / Latinistik,level1,Universität Osnabrück,10244
19120,Fach Latein,level2,Universität Osnabrück,10244
65738087,Fach Romanistik,level2,Universität Osnabrück,10244
14364,Fachbereich Wirtschaftswissenschaften,level0,Universität Osnabrück,10244
282930428,Fach Betriebswirtschaftslehre (BWL),level1,Universität Osnabrück,10244
23720,"Fachgebiet Bilanz-, Steuer- und Prüfungswesen",level2,Universität Osnabrück,10244
65758839,Fachgebiet International Accounting,level2,Universität Osnabrück,10244
23718,Fachgebiet Marketing,level2,Universität Osnabrück,10244
19128,Fachgebiet Rechnungswesen und Controlling,level2,Universität Osnabrück,10244
23725,Lehrstuhl Banken und Finanzierung,level2,Universität Osnabrück,10244
66127450,Unternehmensführung und Unternehmensrechnung - Heinrich W. Risken Stiftungslehrstuhl,level2,Universität Osnabrück,10244
282931354,Fach Volkswirtschaftslehre (VWL),level1,Universität Osnabrück,10244
23721,Fachgebiet Internationale Wirtschaftspolitik,level2,Universität Osnabrück,10244
23723,Fachgebiet Mikroökonomik insbes. Informationsökonomik,level2,Universität Osnabrück,10244
23722,Fachgebiet VWL/Finanzwissenschaft,level2,Universität Osnabrück,10244
282931600,Fach Wirtschaftsinformatik (WI),level1,Universität Osnabrück,10244
23719,Fachgebiet BWL / Organisation und Wirtschaftsinformatik (BOW),level2,Universität Osnabrück,10244
214810261,Fachgebiet Informationsmanagement und Wirtschaftsinformatik (IMWI),level2,Universität Osnabrück,10244
971251,Fachgebiet Management Support und Wirtschaftsinformatik (MSWI),level2,Universität Osnabrück,10244
214845842,Fachgebiet Unternehmensrechnung und Wirtschaftsinformatik (UWI),level2,Universität Osnabrück,10244
19127,Institut für Empirische Wirtschaftsforschung,level1,Universität Osnabrück,10244
971249,Fachgebiet Makroökonomik,level2,Universität Osnabrück,10244
971250,Fachgebiet VWL / Internationale Wirtschaftspolitik,level2,Universität Osnabrück,10244
970955,Fachgebiet Ökonometrie und Statistik,level2,Universität Osnabrück,10244
19129,Institut für Informationsmanagement und Unternehmensführung (IMU),level1,Universität Osnabrück,10244
14363,Institut für Kognitionswissenschaft,level0,Universität Osnabrück,10244
514816005,Professur Psycholinguistik/Neurolinguistik,level1,Universität Osnabrück,10244
14356,Institut für Migrationsforschung und Interkulturelle Studien (IMIS),level0,Universität Osnabrück,10244
14368,Institut für Umweltsystemforschung,level0,Universität Osnabrück,10244
434235426,Alexander von Humboldt-Professur für Umweltökonomie,level1,Universität Osnabrück,10244
14365,Universitätsbibliothek,level0,Universität Osnabrück,10244
31928207,Zentrum für Informationsmanagement und Virtuelle Lehre,level0,Universität Osnabrück,10244
229969334,Zentrum für Lehrerbildung (ZLB),level0,Universität Osnabrück,10244
173648499,Campus Suderburg,level0,Ostfalia Hochschule für angewandte Wissenschaften,10254
173648952,Fakultät Bau-Wasser-Boden,level1,Ostfalia Hochschule für angewandte Wissenschaften,10254
198974764,Fakultät Handel und Soziale Arbeit,level1,Ostfalia Hochschule für angewandte Wissenschaften,10254
75917139,Standort Salzgitter,level0,Ostfalia Hochschule für angewandte Wissenschaften,10254
20763498,Fakultät Verkehr-Sport-Tourismus-Medien,level1,Ostfalia Hochschule für angewandte Wissenschaften,10254
509731041,Institut für Mediendesign (IMD),level2,Ostfalia Hochschule für angewandte Wissenschaften,10254
445366132,Institut für Medienmanagement,level2,Ostfalia Hochschule für angewandte Wissenschaften,10254
198887721,Institut für Verkehrsmanagement,level2,Ostfalia Hochschule für angewandte Wissenschaften,10254
539461987,Institut für Öffentliche Kommunikation (IÖK),level2,Ostfalia Hochschule für angewandte Wissenschaften,10254
29871,Standort Wolfenbüttel,level0,Ostfalia Hochschule für angewandte Wissenschaften,10254
980515,Fakultät Elektro- und Informationstechnik (WF),level1,Ostfalia Hochschule für angewandte Wissenschaften,10254
980844,Institut für Elektrische Anlagen und  Automatisierungstechnik (IfEA),level2,Ostfalia Hochschule für angewandte Wissenschaften,10254
13723,Fakultät Informatik,level1,Ostfalia Hochschule für angewandte Wissenschaften,10254
521365899,Institut für Information Engineering (IIE),level2,Ostfalia Hochschule für angewandte Wissenschaften,10254
516900411,Lehrstuhl für Data Science in IoT,level3,Ostfalia Hochschule für angewandte Wissenschaften,10254
20754276,Institut für Medieninformatik und Online-Lehre (IMI),level2,Ostfalia Hochschule für angewandte Wissenschaften,10254
9404667,Institut für Software Engineering (ISE),level2,Ostfalia Hochschule für angewandte Wissenschaften,10254
20716,Institut für Verteilte Systeme (IVS),level2,Ostfalia Hochschule für angewandte Wissenschaften,10254
9405273,Fakultät Maschinenbau,level1,Ostfalia Hochschule für angewandte Wissenschaften,10254
198697024,Institut für Konstruktion und Angewandten Maschinenbau,level2,Ostfalia Hochschule für angewandte Wissenschaften,10254
198697081,Institut für Mechatronik,level2,Ostfalia Hochschule für angewandte Wissenschaften,10254
9405417,Institut für Produktionstechnik,level2,Ostfalia Hochschule für angewandte Wissenschaften,10254
20766088,Fakultät Recht / Brunswick European Law School (BELS),level1,Ostfalia Hochschule für angewandte Wissenschaften,10254
198772231,Institut für Europäisches und Internationales Wirtschaftsrecht,level2,Ostfalia Hochschule für angewandte Wissenschaften,10254
198839061,"Institut für Finanzen, Steuern und Recht",level2,Ostfalia Hochschule für angewandte Wissenschaften,10254
198803548,"Institut für Geistiges Eigentum, Recht und Wirtschaft in der Informationsgesellschaft",level2,Ostfalia Hochschule für angewandte Wissenschaften,10254
198810194,Institut für Personalmanagement und Recht,level2,Ostfalia Hochschule für angewandte Wissenschaften,10254
20708644,Fakultät Soziale Arbeit,level1,Ostfalia Hochschule für angewandte Wissenschaften,10254
160983442,Institut für angewandte Rechts- und Sozialforschung (IRS),level2,Ostfalia Hochschule für angewandte Wissenschaften,10254
546195661,Professur Digitaliät in Rehabilitation und Teilhabe,level2,Ostfalia Hochschule für angewandte Wissenschaften,10254
980516,Fakultät Versorgungstechnik,level1,Ostfalia Hochschule für angewandte Wissenschaften,10254
980848,Institut für Biotechnologie und Umweltforschung (IBU),level2,Ostfalia Hochschule für angewandte Wissenschaften,10254
9405475,Institut für energieoptimierte Systeme,level2,Ostfalia Hochschule für angewandte Wissenschaften,10254
198839971,Institut für Technische Unternehmensführung,level2,Ostfalia Hochschule für angewandte Wissenschaften,10254
198320905,Institut für Kommunikationssysteme und Technologien,level1,Ostfalia Hochschule für angewandte Wissenschaften,10254
971765,Standort Wolfsburg,level0,Ostfalia Hochschule für angewandte Wissenschaften,10254
31189576,Fakultät Fahrzeugtechnik,level1,Ostfalia Hochschule für angewandte Wissenschaften,10254
159725544,Institut für Fahrzeugbau Wolfsburg (IFBW),level2,Ostfalia Hochschule für angewandte Wissenschaften,10254
198853252,Institut für Fahrzeuginformatik und Fahrzeugelektronik,level2,Ostfalia Hochschule für angewandte Wissenschaften,10254
20744916,Institut für Recycling,level2,Ostfalia Hochschule für angewandte Wissenschaften,10254
198881853,Fakultät Gesundheitswesen,level1,Ostfalia Hochschule für angewandte Wissenschaften,10254
980517,Fakultät Wirtschaft,level1,Ostfalia Hochschule für angewandte Wissenschaften,10254
9209429,Zentrale Betriebswerkstatt (ZBW),level0,Ostfalia Hochschule für angewandte Wissenschaften,10254
515690325,Exzellenzcluster PhoenixD,level0,Gottfried Wilhelm Leibniz Universität Hannover,10238
22974741,Fakultät für Architektur und Landschaft,level0,Gottfried Wilhelm Leibniz Universität Hannover,10238
286785404,Forum für GenderKompetenz in Architektur Landschaft Planung,level1,Gottfried Wilhelm Leibniz Universität Hannover,10238
17226,Institut für Berufswissenschaften im Bauwesen (IBW),level1,Gottfried Wilhelm Leibniz Universität Hannover,10238
37966439,Institut für Entwerfen und Gebäudelehre,level1,Gottfried Wilhelm Leibniz Universität Hannover,10238
175306409,Abteilung Baukunst,level2,Gottfried Wilhelm Leibniz Universität Hannover,10238
175306502,Abteilung Entwerfen und Architekturtheorie,level2,Gottfried Wilhelm Leibniz Universität Hannover,10238
17235,Institut für Entwerfen und Konstruieren (IEK),level1,Gottfried Wilhelm Leibniz Universität Hannover,10238
175301429,Abteilung Baukonstruktion und Entwerfen,level2,Gottfried Wilhelm Leibniz Universität Hannover,10238
507703931,Abteilung für Nachhaltige Gebäudesysteme,level2,Gottfried Wilhelm Leibniz Universität Hannover,10238
17233,Institut für Entwerfen und Städtebau (IES),level1,Gottfried Wilhelm Leibniz Universität Hannover,10238
17302,Institut für Freiraumentwicklung,level1,Gottfried Wilhelm Leibniz Universität Hannover,10238
17227,Institut für Geschichte und Theorie der Architektur,level1,Gottfried Wilhelm Leibniz Universität Hannover,10238
17228,Abteilung Architektur und Kunst 20./21. Jahrhundert,level2,Gottfried Wilhelm Leibniz Universität Hannover,10238
37966505,Institut für Gestaltung und Darstellung,level1,Gottfried Wilhelm Leibniz Universität Hannover,10238
17237,Abteilung für Architekturinformatik und Darstellung,level2,Gottfried Wilhelm Leibniz Universität Hannover,10238
17231,Abteilung Kunst und Gestaltung,level2,Gottfried Wilhelm Leibniz Universität Hannover,10238
27372,Abteilung Malerei und Graphik,level2,Gottfried Wilhelm Leibniz Universität Hannover,10238
17303,Institut für Landschaftsarchitektur (ILA),level1,Gottfried Wilhelm Leibniz Universität Hannover,10238
37965865,Institut für Umweltplanung,level1,Gottfried Wilhelm Leibniz Universität Hannover,10238
564325081,Professur für Naturschutz mit Schwerpunkt Fauna,level2,Gottfried Wilhelm Leibniz Universität Hannover,10238
13827,Fakultät für Bauingenieurwesen und Geodäsie,level0,Gottfried Wilhelm Leibniz Universität Hannover,10238
17241,Geodätisches Institut,level1,Gottfried Wilhelm Leibniz Universität Hannover,10238
17242,Institut für Baumanagement und Digitales Bauen,level1,Gottfried Wilhelm Leibniz Universität Hannover,10238
17243,Institut für Baumechanik und Numerische Mechanik (IBNM),level1,Gottfried Wilhelm Leibniz Universität Hannover,10238
17258,Institut für Bauphysik,level1,Gottfried Wilhelm Leibniz Universität Hannover,10238
17244,Institut für Baustoffe,level1,Gottfried Wilhelm Leibniz Universität Hannover,10238
17245,Institut für Erdmessung,level1,Gottfried Wilhelm Leibniz Universität Hannover,10238
17246,Institut für Geotechnik,level1,Gottfried Wilhelm Leibniz Universität Hannover,10238
17254,Abteilung für Unterirdisches Bauen,level2,Gottfried Wilhelm Leibniz Universität Hannover,10238
17257,Institut für Hydrologie und Wasserwirtschaft,level1,Gottfried Wilhelm Leibniz Universität Hannover,10238
17247,Institut für Kartographie und Geoinformatik,level1,Gottfried Wilhelm Leibniz Universität Hannover,10238
17248,Institut für Massivbau,level1,Gottfried Wilhelm Leibniz Universität Hannover,10238
17250,Institut für Photogrammetrie und GeoInformation (IPI),level1,Gottfried Wilhelm Leibniz Universität Hannover,10238
17249,Institut für Risiko und Zuverlässigkeit,level1,Gottfried Wilhelm Leibniz Universität Hannover,10238
17238,Institut für Siedlungswasserwirtschaft und Abfalltechnik,level1,Gottfried Wilhelm Leibniz Universität Hannover,10238
17251,Institut für Stahlbau,level1,Gottfried Wilhelm Leibniz Universität Hannover,10238
17252,Institut für Statik und Dynamik,level1,Gottfried Wilhelm Leibniz Universität Hannover,10238
17253,Institut für Strömungsmechanik und Umweltphysik im Bauwesen,level1,Gottfried Wilhelm Leibniz Universität Hannover,10238
428317811,Institut für Windenergiesysteme,level1,Gottfried Wilhelm Leibniz Universität Hannover,10238
17240,"Ludwig-Franzius-Institut für Wasserbau, Ästuar- und Küsteningenieurwesen",level1,Gottfried Wilhelm Leibniz Universität Hannover,10238
13830,Fakultät für Elektrotechnik und Informatik,level0,Gottfried Wilhelm Leibniz Universität Hannover,10238
512685087,Fachgruppe Didaktik der Elektrotechnik und Informatik,level1,Gottfried Wilhelm Leibniz Universität Hannover,10238
17275,Institut für Antriebssysteme und Leistungselektronik,level1,Gottfried Wilhelm Leibniz Universität Hannover,10238
972253,Institut für Data Science,level1,Gottfried Wilhelm Leibniz Universität Hannover,10238
395473331,Fachgebiet Computational Health Informatics (CHI),level2,Gottfried Wilhelm Leibniz Universität Hannover,10238
981545,Fachgebiet Wissensbasierte Systeme (KBS),level2,Gottfried Wilhelm Leibniz Universität Hannover,10238
17280,Institut für Elektrische Energiesysteme (IfES),level1,Gottfried Wilhelm Leibniz Universität Hannover,10238
27480,Fachgebiet  Hochspannungstechnik und Asset Management - Schering-Institut,level2,Gottfried Wilhelm Leibniz Universität Hannover,10238
17274,Fachgebiet Elektrische Energieversorgung (IEE),level2,Gottfried Wilhelm Leibniz Universität Hannover,10238
298526441,Fachgebiet für Elektrische Energiespeichersysteme,level2,Gottfried Wilhelm Leibniz Universität Hannover,10238
17276,Institut für Elektroprozesstechnik (ETP),level1,Gottfried Wilhelm Leibniz Universität Hannover,10238
17277,Institut für Grundlagen der Elektrotechnik und Messtechnik,level1,Gottfried Wilhelm Leibniz Universität Hannover,10238
21315664,Institut für Hochfrequenztechnik und Funksysteme,level1,Gottfried Wilhelm Leibniz Universität Hannover,10238
17284,Institut für Informationsverarbeitung,level1,Gottfried Wilhelm Leibniz Universität Hannover,10238
17272,Institut für Kommunikationstechnik,level1,Gottfried Wilhelm Leibniz Universität Hannover,10238
516160961,Institut für Künstliche Intelligenz,level1,Gottfried Wilhelm Leibniz Universität Hannover,10238
33442009,Institut für Materialien und Bauelemente der Elektronik,level1,Gottfried Wilhelm Leibniz Universität Hannover,10238
408176296,Institut für Mensch-Maschine-Kommunikation,level1,Gottfried Wilhelm Leibniz Universität Hannover,10238
972252,Fachgebiet Graphische Datenverarbeitung,level2,Gottfried Wilhelm Leibniz Universität Hannover,10238
240807322,Fachgebiet Mensch-Computer-Interaktion,level2,Gottfried Wilhelm Leibniz Universität Hannover,10238
972254,Institut für Mikroelektronische Systeme (IMS),level1,Gottfried Wilhelm Leibniz Universität Hannover,10238
408176606,Institut für praktische Informatik,level1,Gottfried Wilhelm Leibniz Universität Hannover,10238
21710,Fachgebiet Datenbanken und Informationssysteme,level2,Gottfried Wilhelm Leibniz Universität Hannover,10238
428941428,Fachgebiet IT-Sicherheit,level2,Gottfried Wilhelm Leibniz Universität Hannover,10238
102336433,Fachgebiet Software Engineering,level2,Gottfried Wilhelm Leibniz Universität Hannover,10238
17283,Institut für Regelungstechnik (IRT),level1,Gottfried Wilhelm Leibniz Universität Hannover,10238
17329,Institut für Systems Engineering,level1,Gottfried Wilhelm Leibniz Universität Hannover,10238
17273,Fachgebiet Echtzeitsysteme,level2,Gottfried Wilhelm Leibniz Universität Hannover,10238
408281325,Fachgebiet Energieinformatik,level2,Gottfried Wilhelm Leibniz Universität Hannover,10238
17282,Fachgebiet System- und Rechnerarchitektur,level2,Gottfried Wilhelm Leibniz Universität Hannover,10238
560954612,Fachgebiet Verlässliche und skalierbare Softwaresysteme,level2,Gottfried Wilhelm Leibniz Universität Hannover,10238
17279,Institut für Theoretische Elektrotechnik,level1,Gottfried Wilhelm Leibniz Universität Hannover,10238
972298,Institut für Theoretische Informatik,level1,Gottfried Wilhelm Leibniz Universität Hannover,10238
27495,Laboratorium für Informationstechnologie (LFI),level1,Gottfried Wilhelm Leibniz Universität Hannover,10238
13836,Fakultät für Maschinenbau,level0,Gottfried Wilhelm Leibniz Universität Hannover,10238
284179793,Fachgebiet Energie- und Verfahrenstechnik,level1,Gottfried Wilhelm Leibniz Universität Hannover,10238
28556,Institut für Kraftwerkstechnik und Wärmeübertragung,level2,Gottfried Wilhelm Leibniz Universität Hannover,10238
17324,Institut für Mehrphasenprozesse (IMP),level2,Gottfried Wilhelm Leibniz Universität Hannover,10238
28557,Zentrum für Biomedizintechnik (ZMB),level3,Gottfried Wilhelm Leibniz Universität Hannover,10238
17316,Institut für Technische Verbrennung (ITV),level2,Gottfried Wilhelm Leibniz Universität Hannover,10238
17322,Institut für Thermodynamik (IFT),level2,Gottfried Wilhelm Leibniz Universität Hannover,10238
17321,Institut für Turbomaschinen und Fluid-Dynamik (TFD),level2,Gottfried Wilhelm Leibniz Universität Hannover,10238
284190700,Fachgebiet Kontruktion und Entwicklung,level1,Gottfried Wilhelm Leibniz Universität Hannover,10238
35736076,Institut für Dynamik und Schwingungen (IDS),level2,Gottfried Wilhelm Leibniz Universität Hannover,10238
38027960,Institut für Kontinuumsmechanik (IKM),level2,Gottfried Wilhelm Leibniz Universität Hannover,10238
17318,Institut für Maschinenkonstruktion und Tribologie (IMKT),level2,Gottfried Wilhelm Leibniz Universität Hannover,10238
38027942,Institut für Mechatronische Systeme (imes),level2,Gottfried Wilhelm Leibniz Universität Hannover,10238
17320,Institut für Mess- und Regelungstechnik (IMR),level2,Gottfried Wilhelm Leibniz Universität Hannover,10238
17314,Institut für Produktentwicklung und Gerätebau,level2,Gottfried Wilhelm Leibniz Universität Hannover,10238
428494918,Institut für Berufswissenschaften der Metalltechnik,level1,Gottfried Wilhelm Leibniz Universität Hannover,10238
439439373,Institut für Kunststoff- und Kreislauftechnik,level1,Gottfried Wilhelm Leibniz Universität Hannover,10238
35429802,Produktionstechnisches Zentrum Hannover (PZH),level1,Gottfried Wilhelm Leibniz Universität Hannover,10238
17312,Institut für Fabrikanlagen und Logistik (IFA),level2,Gottfried Wilhelm Leibniz Universität Hannover,10238
20714776,Fachgebiet Planung und Steuerung von Lager- und Transportsystemen,level3,Gottfried Wilhelm Leibniz Universität Hannover,10238
30322,Institut für Fertigungstechnik und Werkzeugmaschinen (IFW),level2,Gottfried Wilhelm Leibniz Universität Hannover,10238
413115158,Forschungszentrum CFK Nord,level3,Gottfried Wilhelm Leibniz Universität Hannover,10238
17326,Institut für Mikroproduktionstechnik (IMPT),level2,Gottfried Wilhelm Leibniz Universität Hannover,10238
259958149,Institut für Montagetechnik (match),level2,Gottfried Wilhelm Leibniz Universität Hannover,10238
17313,Institut für Transport- und Automatisierungstechnik (ITA),level2,Gottfried Wilhelm Leibniz Universität Hannover,10238
17323,Institut für Umformtechnik und Umformmaschinen (IFUM),level2,Gottfried Wilhelm Leibniz Universität Hannover,10238
17325,Institut für Werkstoffkunde (IW),level2,Gottfried Wilhelm Leibniz Universität Hannover,10238
38129888,Bereich Füge- und Oberflächentechnik,level3,Gottfried Wilhelm Leibniz Universität Hannover,10238
28560,Fakultät für Mathematik und Physik,level0,Gottfried Wilhelm Leibniz Universität Hannover,10238
38028068,"Institut für Algebra, Zahlentheorie und Diskrete Mathematik (IAZD)",level1,Gottfried Wilhelm Leibniz Universität Hannover,10238
38028040,Institut für Algebraische Geometrie,level1,Gottfried Wilhelm Leibniz Universität Hannover,10238
17330,Institut für Analysis,level1,Gottfried Wilhelm Leibniz Universität Hannover,10238
17328,Institut für Angewandte Mathematik,level1,Gottfried Wilhelm Leibniz Universität Hannover,10238
38028074,Institut für Didaktik der Mathematik und Physik,level1,Gottfried Wilhelm Leibniz Universität Hannover,10238
38028019,Institut für Differentialgeometrie,level1,Gottfried Wilhelm Leibniz Universität Hannover,10238
17335,Institut für Festkörperphysik,level1,Gottfried Wilhelm Leibniz Universität Hannover,10238
9324598,Abteilung Atomare Strukturen,level2,Gottfried Wilhelm Leibniz Universität Hannover,10238
28558,Abteilung Nanostrukturen,level2,Gottfried Wilhelm Leibniz Universität Hannover,10238
178022794,Abteilung Solarenergie (ISFH),level2,Gottfried Wilhelm Leibniz Universität Hannover,10238
17332,Institut für Gravitationsphysik,level1,Gottfried Wilhelm Leibniz Universität Hannover,10238
17333,Institut für Meteorologie und Klimatologie,level1,Gottfried Wilhelm Leibniz Universität Hannover,10238
495794403,Institut für Photonik,level1,Gottfried Wilhelm Leibniz Universität Hannover,10238
24384,Institut für Quantenoptik,level1,Gottfried Wilhelm Leibniz Universität Hannover,10238
521374460,Arbeitsgruppe Nanoengineering,level2,Gottfried Wilhelm Leibniz Universität Hannover,10238
388671550,Institut für Radioökologie und Strahlenschutz (IRS),level1,Gottfried Wilhelm Leibniz Universität Hannover,10238
17334,Institut für Theoretische Physik,level1,Gottfried Wilhelm Leibniz Universität Hannover,10238
17331,Institut für Versicherungs- und Finanzmathematik,level1,Gottfried Wilhelm Leibniz Universität Hannover,10238
231911973,Forschungsstelle für Gesundheitsökonomie,level0,Gottfried Wilhelm Leibniz Universität Hannover,10238
13374,Forschungszentrum Küste (FZK),level0,Gottfried Wilhelm Leibniz Universität Hannover,10238
27337,Forschungszentrum L3S,level0,Gottfried Wilhelm Leibniz Universität Hannover,10238
162981142,Hannoversches Zentrum für Optische Technologien (HOT),level0,Gottfried Wilhelm Leibniz Universität Hannover,10238
467816094,House of Insurance (HoI),level0,Gottfried Wilhelm Leibniz Universität Hannover,10238
467816737,Lehrstuhl Insurance and Financial Mathematics,level1,Gottfried Wilhelm Leibniz Universität Hannover,10238
13839,Juristische Fakultät,level0,Gottfried Wilhelm Leibniz Universität Hannover,10238
238939015,"Institut für Arbeits-, Unternehmens- und Sozialrecht",level1,Gottfried Wilhelm Leibniz Universität Hannover,10238
28586,"Lehrstuhl für Arbeitsrecht, Unternehmens- und Zivilrecht",level2,Gottfried Wilhelm Leibniz Universität Hannover,10238
238948935,Institut für Deutsches und Europäisches Privatrecht und Wirtschaftsrecht,level1,Gottfried Wilhelm Leibniz Universität Hannover,10238
28572,"Lehrstuhl für Deutsches, Europäisches und Internationales Zivil- und Handelsrecht",level2,Gottfried Wilhelm Leibniz Universität Hannover,10238
28568,Lehrstuhl für Zivilrecht und Rechtsgeschichte,level2,Gottfried Wilhelm Leibniz Universität Hannover,10238
28580,"Lehrstuhl für Zivilrecht, Europäisches und Internationales Wirtschaftsrecht",level2,Gottfried Wilhelm Leibniz Universität Hannover,10238
28567,Lehrstuhl Zivilrecht und Recht der Wirtschaft,level2,Gottfried Wilhelm Leibniz Universität Hannover,10238
238942924,Institut für Internationales Recht,level1,Gottfried Wilhelm Leibniz Universität Hannover,10238
28569,"Lehrstuhl für BR, Deutsches, Europäisches und Internationales Zivilprozessrecht",level2,Gottfried Wilhelm Leibniz Universität Hannover,10238
28574,"Lehrstuhl für Bürgerliches Recht, Internationales Privatrecht und Rechtsvergleichung",level2,Gottfried Wilhelm Leibniz Universität Hannover,10238
19597279,"Lehrstuhl für Öffentliches Recht, insbesondere Europarecht",level2,Gottfried Wilhelm Leibniz Universität Hannover,10238
28584,"Lehrstuhl für ÖR, Völker- und Europarecht",level2,Gottfried Wilhelm Leibniz Universität Hannover,10238
238944373,Institut für Prozess- und Anwaltsrecht (IPA),level1,Gottfried Wilhelm Leibniz Universität Hannover,10238
28571,"Lehrstuhl für Zivilrecht, Arbeitsrecht und Zivilprozessrecht",level2,Gottfried Wilhelm Leibniz Universität Hannover,10238
238937764,"Lehrstuhl für ÖR, insb. Sozialrecht, Öffentliches Wirtschaftsrecht und Verwaltungswissenschaft",level2,Gottfried Wilhelm Leibniz Universität Hannover,10238
17336,Institut für Rechtsinformatik,level1,Gottfried Wilhelm Leibniz Universität Hannover,10238
549823360,Lehrstuhl für Bürgerliches Recht und Gewerblichen Rechtsschutz,level2,Gottfried Wilhelm Leibniz Universität Hannover,10238
550315329,Lehrstuhl für Bürgerliches Recht und IT-Recht,level2,Gottfried Wilhelm Leibniz Universität Hannover,10238
446942245,"Lehrstuhl für Bürgerliches Recht, Immaterialgüterrecht und IT-Recht",level2,Gottfried Wilhelm Leibniz Universität Hannover,10238
469857753,Lehrstuhl für Öffentliches Recht und das Recht der neuen Technologien,level2,Gottfried Wilhelm Leibniz Universität Hannover,10238
500473807,Professur für das Recht der digitalen Gesellschaft,level2,Gottfried Wilhelm Leibniz Universität Hannover,10238
238941263,Institut für Staatswissenschaft,level1,Gottfried Wilhelm Leibniz Universität Hannover,10238
28582,Lehrstuhl für ÖR und Sozialrecht,level2,Gottfried Wilhelm Leibniz Universität Hannover,10238
28566,Lehrstuhl für ÖR und Verwaltungswissenschaft,level2,Gottfried Wilhelm Leibniz Universität Hannover,10238
216083636,Institut für Verwaltungsrecht,level1,Gottfried Wilhelm Leibniz Universität Hannover,10238
28587,Lehrstuhl für ÖR und Rechtsphilosophie,level2,Gottfried Wilhelm Leibniz Universität Hannover,10238
238941966,Kriminalwissenschaftliches Institut,level1,Gottfried Wilhelm Leibniz Universität Hannover,10238
28578,"Lehrstuhl für Strafrecht, Strafprozessrecht und Kriminologie",level2,Gottfried Wilhelm Leibniz Universität Hannover,10238
28576,"Lehrstuhl für Strafrecht, Strafprozessrecht, Strafrechtsvergleichung und Rechtsphilosophie",level2,Gottfried Wilhelm Leibniz Universität Hannover,10238
501499795,Lehrstuhl für Bürgerliches Recht und Versicherungsrecht,level1,Gottfried Wilhelm Leibniz Universität Hannover,10238
554799356,Lehrstuhl für Öffentliches Recht mit einem internationalen Schwerpunkt,level1,Gottfried Wilhelm Leibniz Universität Hannover,10238
173329727,Laboratorium für Nano- und Quantenengineering (LNQE),level0,Gottfried Wilhelm Leibniz Universität Hannover,10238
428499200,Leibniz Forschungszentrum FZ:GEO,level0,Gottfried Wilhelm Leibniz Universität Hannover,10238
428498621,Leibniz Forschungszentrum Inclusive Citizenship (CINC),level0,Gottfried Wilhelm Leibniz Universität Hannover,10238
390243945,Leibniz Forschungszentrum Wissenschaft und Gesellschaft (LCSS),level0,Gottfried Wilhelm Leibniz Universität Hannover,10238
428495309,Leibniz School of Education,level0,Gottfried Wilhelm Leibniz Universität Hannover,10238
590113778,Leibniz School of Optics & Photonics,level0,Gottfried Wilhelm Leibniz Universität Hannover,10238
428496910,LiFE 2050 - Leibniz Forschungszentrum Energie 2050,level0,Gottfried Wilhelm Leibniz Universität Hannover,10238
28555,Mechatronik-Zentrum Hannover (MZH),level0,Gottfried Wilhelm Leibniz Universität Hannover,10238
22974999,Naturwissenschaftliche Fakultät,level0,Gottfried Wilhelm Leibniz Universität Hannover,10238
17265,Institut für Anorganische Chemie,level1,Gottfried Wilhelm Leibniz Universität Hannover,10238
17291,Institut für Biostatistik,level1,Gottfried Wilhelm Leibniz Universität Hannover,10238
17260,Institut für Botanik,level1,Gottfried Wilhelm Leibniz Universität Hannover,10238
981748,Institut für Didaktik der Naturwissenschaften,level1,Gottfried Wilhelm Leibniz Universität Hannover,10238
178694707,Fachgebiet Biologiedidaktik,level2,Gottfried Wilhelm Leibniz Universität Hannover,10238
27638,Fachgebiet Chemiedidaktik,level2,Gottfried Wilhelm Leibniz Universität Hannover,10238
20713772,Fachgebiet Didaktik der Geographie,level2,Gottfried Wilhelm Leibniz Universität Hannover,10238
575887197,Institut für Erdsystemwissenschaften,level1,Gottfried Wilhelm Leibniz Universität Hannover,10238
17294,Abteilung Bodenkunde,level2,Gottfried Wilhelm Leibniz Universität Hannover,10238
463067833,Arbeitsgruppe Bodenbiophysik,level3,Gottfried Wilhelm Leibniz Universität Hannover,10238
576328577,Abteilung Geologie,level2,Gottfried Wilhelm Leibniz Universität Hannover,10238
591152042,Abteilung Mineralogie,level2,Gottfried Wilhelm Leibniz Universität Hannover,10238
17290,Institut für Gartenbauliche Produktionssysteme,level1,Gottfried Wilhelm Leibniz Universität Hannover,10238
88388744,Abteilung Gehölz- und Vermehrungsphysiologie,level2,Gottfried Wilhelm Leibniz Universität Hannover,10238
17287,Abteilung Phytomedizin,level2,Gottfried Wilhelm Leibniz Universität Hannover,10238
318789131,Abteilung Systemmodellierung Gemüsebau,level2,Gottfried Wilhelm Leibniz Universität Hannover,10238
20778630,Abteilung Zierpflanzenbau,level2,Gottfried Wilhelm Leibniz Universität Hannover,10238
17288,Fachgebiet Biosystem- und Gartenbautechnik,level2,Gottfried Wilhelm Leibniz Universität Hannover,10238
27651,Fachgebiet Produktqualität Obstbau,level2,Gottfried Wilhelm Leibniz Universität Hannover,10238
17261,Institut für Geobotanik,level1,Gottfried Wilhelm Leibniz Universität Hannover,10238
502093878,Abteilung für Zoologische Biodiversität,level2,Gottfried Wilhelm Leibniz Universität Hannover,10238
17295,Institut für Geologie,level1,Gottfried Wilhelm Leibniz Universität Hannover,10238
17266,Institut für Lebensmittelchemie,level1,Gottfried Wilhelm Leibniz Universität Hannover,10238
17262,Institut für Mikrobiologie (ifmb),level1,Gottfried Wilhelm Leibniz Universität Hannover,10238
17292,Institut für Mineralogie,level1,Gottfried Wilhelm Leibniz Universität Hannover,10238
17268,Institut für Organische Chemie,level1,Gottfried Wilhelm Leibniz Universität Hannover,10238
17286,Institut für Pflanzenernährung,level1,Gottfried Wilhelm Leibniz Universität Hannover,10238
17263,Institut für Pflanzengenetik,level1,Gottfried Wilhelm Leibniz Universität Hannover,10238
287901286,Abteilung II: Pflanzenbiotechnologie,level2,Gottfried Wilhelm Leibniz Universität Hannover,10238
17285,Abteilung III: Molekularbiologie,level2,Gottfried Wilhelm Leibniz Universität Hannover,10238
268321822,Abteilung IV: Pflanzengenomforschung,level2,Gottfried Wilhelm Leibniz Universität Hannover,10238
570092174,Abteilung Reproduktion und Entwicklung,level2,Gottfried Wilhelm Leibniz Universität Hannover,10238
17269,Institut für Physikalische Chemie und Elektrochemie,level1,Gottfried Wilhelm Leibniz Universität Hannover,10238
17264,Fachgebiet Theoretische Chemie,level2,Gottfried Wilhelm Leibniz Universität Hannover,10238
146638315,Spezielle physikalische Chemie B: Dynamik und Kinetik in Festkörpern,level2,Gottfried Wilhelm Leibniz Universität Hannover,10238
17293,Institut für Physische Geographie und Landschaftsökologie,level1,Gottfried Wilhelm Leibniz Universität Hannover,10238
17270,Institut für Technische Chemie,level1,Gottfried Wilhelm Leibniz Universität Hannover,10238
21709,Institut für Wirtschafts- und Kulturgeographie,level1,Gottfried Wilhelm Leibniz Universität Hannover,10238
17259,Institut für Zellbiologie und Biophysik,level1,Gottfried Wilhelm Leibniz Universität Hannover,10238
17271,Institute of Food and One Health (FOH),level1,Gottfried Wilhelm Leibniz Universität Hannover,10238
22975098,Philosophische Fakultät,level0,Gottfried Wilhelm Leibniz Universität Hannover,10238
17309,Deutsches Seminar,level1,Gottfried Wilhelm Leibniz Universität Hannover,10238
20658,Abteilung Literaturwissenschaft,level2,Gottfried Wilhelm Leibniz Universität Hannover,10238
981749,Abteilung Sprachwissenschaft,level2,Gottfried Wilhelm Leibniz Universität Hannover,10238
17306,Englisches Seminar,level1,Gottfried Wilhelm Leibniz Universität Hannover,10238
17296,Historisches Seminar,level1,Gottfried Wilhelm Leibniz Universität Hannover,10238
20649,Institut für Berufspädagogik und Erwachsenenbildung,level1,Gottfried Wilhelm Leibniz Universität Hannover,10238
178264250,Abteilung Berufspädagogik,level2,Gottfried Wilhelm Leibniz Universität Hannover,10238
20715826,Abteilung Erwachsenenbildung,level2,Gottfried Wilhelm Leibniz Universität Hannover,10238
178266320,Abteilung Sozialpädagogik,level2,Gottfried Wilhelm Leibniz Universität Hannover,10238
277812103,Institut für Didaktik der Demokratie,level1,Gottfried Wilhelm Leibniz Universität Hannover,10238
20654,Institut für Erziehungswissenschaft,level1,Gottfried Wilhelm Leibniz Universität Hannover,10238
411541957,Arbeitsbereich Empirische Bildungsforschung,level2,Gottfried Wilhelm Leibniz Universität Hannover,10238
20648,Zentrum für Zeitgeschichte von Bildung und Wissenschaft,level2,Gottfried Wilhelm Leibniz Universität Hannover,10238
20660,Institut für Gestaltungspraxis und Kunstwissenschaft,level1,Gottfried Wilhelm Leibniz Universität Hannover,10238
17299,Institut für Philosophie,level1,Gottfried Wilhelm Leibniz Universität Hannover,10238
27335,Center for Philosophy and Ethics of Science (ZEWW),level2,Gottfried Wilhelm Leibniz Universität Hannover,10238
329422008,Centre for Ethics and Law in the Life Sciences (CELLS),level2,Gottfried Wilhelm Leibniz Universität Hannover,10238
17297,Institut für Politikwissenschaft,level1,Gottfried Wilhelm Leibniz Universität Hannover,10238
273824138,Arbeitsbereich Didaktik der Politischen Bildung,level2,Gottfried Wilhelm Leibniz Universität Hannover,10238
20656,Institut für Psychologie,level1,Gottfried Wilhelm Leibniz Universität Hannover,10238
426687512,Institut für Religionswissenschaft,level1,Gottfried Wilhelm Leibniz Universität Hannover,10238
20655,Institut für Sonderpädagogik,level1,Gottfried Wilhelm Leibniz Universität Hannover,10238
17298,Institut für Soziologie,level1,Gottfried Wilhelm Leibniz Universität Hannover,10238
20651,Institut für Sportwissenschaft,level1,Gottfried Wilhelm Leibniz Universität Hannover,10238
20657,Institut für Theologie,level1,Gottfried Wilhelm Leibniz Universität Hannover,10238
178693164,Abteilung Evangelische Theologie,level2,Gottfried Wilhelm Leibniz Universität Hannover,10238
178693496,Abteilung Katholische Theologie,level2,Gottfried Wilhelm Leibniz Universität Hannover,10238
27649,Romanisches Seminar,level1,Gottfried Wilhelm Leibniz Universität Hannover,10238
405334803,QUEST-Leibniz-Forschungsschule,level0,Gottfried Wilhelm Leibniz Universität Hannover,10238
428497995,TRUST Räumliche Transformation - Zukunft für Stadt und Land,level0,Gottfried Wilhelm Leibniz Universität Hannover,10238
13840,Wirtschaftswissenschaftliche Fakultät,level0,Gottfried Wilhelm Leibniz Universität Hannover,10238
17338,Institut für Arbeitsökonomik,level1,Gottfried Wilhelm Leibniz Universität Hannover,10238
28592,Institut für Banken und Finanzierung,level1,Gottfried Wilhelm Leibniz Universität Hannover,10238
178697778,Institut für Betriebswirtschaftliche Steuerlehre,level1,Gottfried Wilhelm Leibniz Universität Hannover,10238
20765762,Institut für Controlling,level1,Gottfried Wilhelm Leibniz Universität Hannover,10238
67212429,Institut für Empirische Wirtschaftsforschung,level1,Gottfried Wilhelm Leibniz Universität Hannover,10238
30372,Institut für Entwicklungs- und Agrarökonomik,level1,Gottfried Wilhelm Leibniz Universität Hannover,10238
981788,Institut für Finanzwirtschaft und Rohstoffmärkte,level1,Gottfried Wilhelm Leibniz Universität Hannover,10238
21715,Institut für Geld und Internationale Finanzwirtschaft,level1,Gottfried Wilhelm Leibniz Universität Hannover,10238
453630919,Institut für Gesundheitsökonomie (IHE),level1,Gottfried Wilhelm Leibniz Universität Hannover,10238
559021941,Institut für Innovationsökonomik,level1,Gottfried Wilhelm Leibniz Universität Hannover,10238
27270,Institut für interdisziplinäre Arbeitswissenschaft,level1,Gottfried Wilhelm Leibniz Universität Hannover,10238
28591,Institut für Makroökonomik,level1,Gottfried Wilhelm Leibniz Universität Hannover,10238
20774570,Institut für Marketing und Management,level1,Gottfried Wilhelm Leibniz Universität Hannover,10238
170723875,Institut für Mikroökonomik,level1,Gottfried Wilhelm Leibniz Universität Hannover,10238
980897,Institut für Personal und Arbeit,level1,Gottfried Wilhelm Leibniz Universität Hannover,10238
20752666,Institut für Produktionswirtschaft,level1,Gottfried Wilhelm Leibniz Universität Hannover,10238
17339,Institut für Rechnungslegung und Wirtschaftsprüfung,level1,Gottfried Wilhelm Leibniz Universität Hannover,10238
21714,Institut für Statistik,level1,Gottfried Wilhelm Leibniz Universität Hannover,10238
165217105,Institut für Umweltökonomik und Welthandel,level1,Gottfried Wilhelm Leibniz Universität Hannover,10238
17340,Institut für Unternehmensführung und Organisation,level1,Gottfried Wilhelm Leibniz Universität Hannover,10238
17341,Institut für Versicherungsbetriebslehre,level1,Gottfried Wilhelm Leibniz Universität Hannover,10238
313893618,Zentrum für Versicherungs- und Demografieforschung (DICe),level2,Gottfried Wilhelm Leibniz Universität Hannover,10238
17343,Institut für Wirtschaftsinformatik,level1,Gottfried Wilhelm Leibniz Universität Hannover,10238
378578956,Institut für Wirtschaftspolitik,level1,Gottfried Wilhelm Leibniz Universität Hannover,10238
17342,Institut für Öffentliche Finanzen,level1,Gottfried Wilhelm Leibniz Universität Hannover,10238
555888500,Institut für Ökonometrie und Data Science,level1,Gottfried Wilhelm Leibniz Universität Hannover,10238
275849079,Zentrum für Biomolekulare Wirkstoffe (BMWZ),level0,Gottfried Wilhelm Leibniz Universität Hannover,10238
428496262,Zentrum für Festkörperchemie und Neue Materialien (ZFM),level0,Gottfried Wilhelm Leibniz Universität Hannover,10238
50029496,Zentrum für Gartenkunst und Landschaftsarchitektur,level0,Gottfried Wilhelm Leibniz Universität Hannover,10238
27267,Zentrum für Hochschulsport,level0,Gottfried Wilhelm Leibniz Universität Hannover,10238
414043544,Bibliothek,level0,Hochschule Hannover,10252
14717,Fakultät I - Elektro- und Informationstechnik,level0,Hochschule Hannover,10252
970975,Fachgebiet  Elektrische Antriebe und Automatisierungstechnik,level1,Hochschule Hannover,10252
970984,Fachgebiet Elektrische Anlagen,level1,Hochschule Hannover,10252
970983,Fachgebiet Elektrische Messtechnik,level1,Hochschule Hannover,10252
971772,Fachgebiet Grundlagen der Elektrotechnik,level1,Hochschule Hannover,10252
970974,Fachgebiet Hochfrequenz- und Mikrowellentechnik,level1,Hochschule Hannover,10252
970979,Fachgebiet Hochspannungstechnik,level1,Hochschule Hannover,10252
970976,Fachgebiet Industrieelektronik und Digitaltechnik,level1,Hochschule Hannover,10252
9406658,Fachgebiet Ingenieurinformatik,level1,Hochschule Hannover,10252
970985,Fachgebiet Kommunikationstechnik,level1,Hochschule Hannover,10252
970978,Fachgebiet Physik,level1,Hochschule Hannover,10252
971773,Fachgebiet Prozessinformatik und Automatisierungstechnik,level1,Hochschule Hannover,10252
970980,Fachgebiet Regelungstechnik,level1,Hochschule Hannover,10252
970982,Fachgebiet Technische Redaktion,level1,Hochschule Hannover,10252
970977,Fachgebiet Technologie,level1,Hochschule Hannover,10252
970864,Fakultät II - Maschinenbau und Bioverfahrenstechnik,level0,Hochschule Hannover,10252
550589607,Abteilung Maschinenbau,level1,Hochschule Hannover,10252
971774,Fachgebiet Automatisierungstechnik,level1,Hochschule Hannover,10252
970986,"Fachgebiet Förder- und Handhabungstechnik, Logistik und Materialflusstechnik (FHLM)",level1,Hochschule Hannover,10252
178962560,Fachgebiet Umformtechnik,level1,Hochschule Hannover,10252
971776,"Fachgebiet Verfahrens-, Energie- und Umwelttechnik",level1,Hochschule Hannover,10252
242005942,Abteilung Bioverfahrenstechnik,level2,Hochschule Hannover,10252
282923874,Fachgebiet Werkstoffkunde,level1,Hochschule Hannover,10252
584521416,Institut für Biokunststoffe und Bioverbundwerkstoffe (ifBB),level1,Hochschule Hannover,10252
971775,Labor Digitale Fabrik,level1,Hochschule Hannover,10252
9408146,Mechanische Verfahrenstechnik Labor (M-H-35-02),level1,Hochschule Hannover,10252
14718,"Fakultät III - Medien, Information und Design",level0,Hochschule Hannover,10252
9407124,Abteilung Design und Medien,level1,Hochschule Hannover,10252
9408385,Studiengang Innenarchitektur,level2,Hochschule Hannover,10252
9408502,Studiengang Modedesign,level2,Hochschule Hannover,10252
110038900,Studiengang Szenografie - Kostüm,level2,Hochschule Hannover,10252
20731048,Abteilung Information und Kommunikation,level1,Hochschule Hannover,10252
9408439,Studiengang Informations- und Wissensmanagement,level2,Hochschule Hannover,10252
26846847,Studiengang Journalistik,level2,Hochschule Hannover,10252
110039022,Studiengang Public Relations,level2,Hochschule Hannover,10252
970869,Fakultät IV - Wirtschaft und Informatik,level0,Hochschule Hannover,10252
110468602,"Fakultät V - Diakonie, Gesundheit und Soziales",level0,Hochschule Hannover,10252
588217653,Institute for Applied Data Science Hannover (Data|H),level0,Hochschule Hannover,10252
13788,Bibliothek,level0,Medizinische Hochschule Hannover (MHH),10247
554002576,Exzellenzcluster RESIST,level0,Medizinische Hochschule Hannover (MHH),10247
535581860,Forschungs- und Lehreinheit Hebammenwissenschaft,level0,Medizinische Hochschule Hannover (MHH),10247
387703655,Hannover Biomedical Research School,level0,Medizinische Hochschule Hannover (MHH),10247
242510763,Hannover Unified Biobank (HUB),level0,Medizinische Hochschule Hannover (MHH),10247
17199,Institut für Allgemeinmedizin und Palliativmedizin,level0,Medizinische Hochschule Hannover (MHH),10247
458576853,Institut für Molekulare Bakteriologie,level0,Medizinische Hochschule Hannover (MHH),10247
168718192,Institut für Molekulare und Translationale Therapiestrategien,level0,Medizinische Hochschule Hannover (MHH),10247
162469993,Institut für Sportmedizin,level0,Medizinische Hochschule Hannover (MHH),10247
417434141,Institut für Transplantationsimmunologie,level0,Medizinische Hochschule Hannover (MHH),10247
278199215,Institut für Zelltherapeutika,level0,Medizinische Hochschule Hannover (MHH),10247
259418558,Integriertes Forschungs- und Behandlungszentrum Transplantation (IFB-Tx),level0,Medizinische Hochschule Hannover (MHH),10247
972212,Interdisziplinäres Zentrum für Gesichtsfehlbildungen,level0,Medizinische Hochschule Hannover (MHH),10247
981476,Klinik für Anästhesiologie und Intensivmedizin,level0,Medizinische Hochschule Hannover (MHH),10247
29479,"Klinik für Dermatologie, Allergologie und Venerologie",level0,Medizinische Hochschule Hannover (MHH),10247
269372693,Abteilung für Immundermatologie und experimentelle Allergologie,level1,Medizinische Hochschule Hannover (MHH),10247
13798,Klinik für Frauenheilkunde und Geburtshilfe,level0,Medizinische Hochschule Hannover (MHH),10247
20695680,AG Biochemie und Tumorbiologie,level1,Medizinische Hochschule Hannover (MHH),10247
17189,Arbeitsgruppe Molekulare Gynäkologie,level1,Medizinische Hochschule Hannover (MHH),10247
17190,Gynäkologische Onkologie,level1,Medizinische Hochschule Hannover (MHH),10247
596936125,Klinik für Pneumologie und Infektiologie,level0,Medizinische Hochschule Hannover (MHH),10247
17224,Klinik für Rehabilitationsmedizin,level0,Medizinische Hochschule Hannover (MHH),10247
13818,Kopf-Hals-Tumorzentrum Hannover,level0,Medizinische Hochschule Hannover (MHH),10247
30247,Leibniz Forschungslaboratorien für Biotechnologie und künstliche Organe (LEBAO),level0,Medizinische Hochschule Hannover (MHH),10247
216079833,REBIRTH - Forschungszentrum für translationale regenerative Medizin,level0,Medizinische Hochschule Hannover (MHH),10247
43721656,Research Core Unit for Laser Microscopy,level0,Medizinische Hochschule Hannover (MHH),10247
13814,Zentralapotheke,level0,Medizinische Hochschule Hannover (MHH),10247
13812,Zentrale Forschungseinrichtung Elektronenmikroskopie,level0,Medizinische Hochschule Hannover (MHH),10247
493803199,Zentrale Forschungseinrichtung Genomics,level0,Medizinische Hochschule Hannover (MHH),10247
13817,Zentrale Forschungswerkstätten,level0,Medizinische Hochschule Hannover (MHH),10247
13793,Zentrum Anatomie und Zellbiologie,level0,Medizinische Hochschule Hannover (MHH),10247
17175,Institut für Funktionelle und Angewandte Anatomie,level1,Medizinische Hochschule Hannover (MHH),10247
17177,Institut für Neuroanatomie und Zellbiologie,level1,Medizinische Hochschule Hannover (MHH),10247
981475,"Zentrum Augenheilkunde, Hals-Nasen-Ohrenheilkunde, Phoniatrie und Pädaudiologie",level0,Medizinische Hochschule Hannover (MHH),10247
17188,Hals-Nasen-Ohrenklinik,level1,Medizinische Hochschule Hannover (MHH),10247
215996951,Deutsches HörZentrum Hannover,level2,Medizinische Hochschule Hannover (MHH),10247
279381969,Exzellenzcluster Hearing 4 all,level2,Medizinische Hochschule Hannover (MHH),10247
183240736,Verbundinstitut für AudioNeurotechnologie und Nanobiomaterialien (VIANNA),level2,Medizinische Hochschule Hannover (MHH),10247
13797,Klinik für Augenheilkunde,level1,Medizinische Hochschule Hannover (MHH),10247
29484,Klinik für Phoniatrie und Pädaudiologie,level1,Medizinische Hochschule Hannover (MHH),10247
13794,Zentrum Biochemie,level0,Medizinische Hochschule Hannover (MHH),10247
17178,Institut für Biophysikalische Chemie,level1,Medizinische Hochschule Hannover (MHH),10247
29456,Institut für Klinische Biochemie,level1,Medizinische Hochschule Hannover (MHH),10247
29455,Institut für Zellbiochemie,level1,Medizinische Hochschule Hannover (MHH),10247
25002625,AG Tamura,level2,Medizinische Hochschule Hannover (MHH),10247
13795,"Zentrum Biometrie, Medizinische Informatik und Medizintechnik",level0,Medizinische Hochschule Hannover (MHH),10247
17179,Institut für Biometrie,level1,Medizinische Hochschule Hannover (MHH),10247
17180,Peter L. Reichertz Institut für Medizinische Informatik,level1,Medizinische Hochschule Hannover (MHH),10247
981471,Zentrum Chirurgie,level0,Medizinische Hochschule Hannover (MHH),10247
17183,"Klinik für Allgemein-, Viszeral- und Transplantationschirurgie",level1,Medizinische Hochschule Hannover (MHH),10247
17182,"Klinik für Herz-, Thorax-, Transplantations- und Gefäßchirurgie (HTTG)",level1,Medizinische Hochschule Hannover (MHH),10247
29468,Klinik für Kinderchirurgie,level1,Medizinische Hochschule Hannover (MHH),10247
17187,Klinik für Orthopädie,level1,Medizinische Hochschule Hannover (MHH),10247
205983049,Arbeitsgruppe Biologische Grundlagen für Biohybridimplantate,level2,Medizinische Hochschule Hannover (MHH),10247
20743772,Labor für Biomechanik und Biomaterialien,level2,Medizinische Hochschule Hannover (MHH),10247
17186,"Klinik für Plastische, Ästhetische, Hand- und Wiederherstellungschirurgie",level1,Medizinische Hochschule Hannover (MHH),10247
224497926,Labor für Regenerationsbiologie,level2,Medizinische Hochschule Hannover (MHH),10247
17184,Klinik für Unfallchirurgie,level1,Medizinische Hochschule Hannover (MHH),10247
17185,Klinik für Urologie und Urologische Onkologie,level1,Medizinische Hochschule Hannover (MHH),10247
13815,Zentrum für Arzneimittelsicherheit (ZAS),level0,Medizinische Hochschule Hannover (MHH),10247
981470,Zentrum für Kinderheilkunde und Jugendmedizin,level0,Medizinische Hochschule Hannover (MHH),10247
29477,Klinik für Pädiatrische Hämatologie und Onkologie,level1,Medizinische Hochschule Hannover (MHH),10247
17205,Klinik für Pädiatrische Kardiologie und Pädiatrische Intensivmedizin,level1,Medizinische Hochschule Hannover (MHH),10247
17203,"Klinik für pädiatrische Nieren-, Leber- und Stoffwechselerkrankungen",level1,Medizinische Hochschule Hannover (MHH),10247
17204,"Klinik für Pädiatrische Pneumologie, Allergologie und Neonatologie",level1,Medizinische Hochschule Hannover (MHH),10247
576341033,Zentrum für Klinische Studien (ZKS),level0,Medizinische Hochschule Hannover (MHH),10247
576341045,Early Clinical Trial Unit (ECTU),level1,Medizinische Hochschule Hannover (MHH),10247
13804,Zentrum für Neurologische Medizin,level0,Medizinische Hochschule Hannover (MHH),10247
17212,Klinik für Neurochirurgie,level1,Medizinische Hochschule Hannover (MHH),10247
17211,Klinik für Neurologie,level1,Medizinische Hochschule Hannover (MHH),10247
13805,"Zentrum für Pathologie, Forensik und Genetik",level0,Medizinische Hochschule Hannover (MHH),10247
29478,Institut für Humangenetik,level1,Medizinische Hochschule Hannover (MHH),10247
17213,Institut für Pathologie,level1,Medizinische Hochschule Hannover (MHH),10247
17214,Institut für Rechtsmedizin,level1,Medizinische Hochschule Hannover (MHH),10247
13806,Zentrum für Pharmakologie und Toxikologie,level0,Medizinische Hochschule Hannover (MHH),10247
17216,Institut für Klinische Pharmakologie,level1,Medizinische Hochschule Hannover (MHH),10247
20699346,Institut für Pharmako- und Toxikogenomikforschung,level1,Medizinische Hochschule Hannover (MHH),10247
17217,Institut für Pharmakologie,level1,Medizinische Hochschule Hannover (MHH),10247
314226791,Zentrale Forschungseinrichtung (ZFA) Metabolomics,level2,Medizinische Hochschule Hannover (MHH),10247
17218,Institut für Toxikologie,level1,Medizinische Hochschule Hannover (MHH),10247
13809,Zentrum für Radiologie,level0,Medizinische Hochschule Hannover (MHH),10247
17222,Institut für Diagnostische und Interventionelle Neuroradiologie,level1,Medizinische Hochschule Hannover (MHH),10247
29470,Institut für Diagnostische und Interventionelle Radiologie,level1,Medizinische Hochschule Hannover (MHH),10247
17223,Klinik für Nuklearmedizin,level1,Medizinische Hochschule Hannover (MHH),10247
426450344,Zentrum für präklinische molekulare Bildgebung,level2,Medizinische Hochschule Hannover (MHH),10247
29471,Klinik für Strahlentherapie und Spezielle Onkologie,level1,Medizinische Hochschule Hannover (MHH),10247
981473,Zentrum für Seelische Gesundheit,level0,Medizinische Hochschule Hannover (MHH),10247
29474,"Klinik für Psychiatrie, Sozialpsychiatrie und Psychotherapie",level1,Medizinische Hochschule Hannover (MHH),10247
572372758,Labor für Molekulare Neurowissenschaften,level2,Medizinische Hochschule Hannover (MHH),10247
29476,Klinik für Psychosomatik und Psychotherapie,level1,Medizinische Hochschule Hannover (MHH),10247
13801,"Zentrum für Zahn-, Mund- und Kieferheilkunde",level0,Medizinische Hochschule Hannover (MHH),10247
29481,Klinik für Kieferorthopädie,level1,Medizinische Hochschule Hannover (MHH),10247
17202,"Klinik für Mund-, Kiefer- und Gesichtschirurgie",level1,Medizinische Hochschule Hannover (MHH),10247
17201,"Klinik für Zahnerhaltung, Parodontologie und Präventivzahnmedizin",level1,Medizinische Hochschule Hannover (MHH),10247
17200,Klinik für Zahnärztliche Prothetik und Biomedizinische Werkstoffkunde,level1,Medizinische Hochschule Hannover (MHH),10247
981469,Zentrum Innere Medizin,level0,Medizinische Hochschule Hannover (MHH),10247
48821091,Institut Experimentelle Hämatologie,level1,Medizinische Hochschule Hannover (MHH),10247
17193,"Klinik für Gastroenterologie, Hepatologie und Endokrinologie",level1,Medizinische Hochschule Hannover (MHH),10247
416057590,Arbeitsgruppe Zell- und Gentherapie,level2,Medizinische Hochschule Hannover (MHH),10247
17194,"Klinik für Hämatologie, Hämostaseologie, Onkologie und Stammzelltransplantation",level1,Medizinische Hochschule Hannover (MHH),10247
29464,Klinik für Kardiologie und Angiologie,level1,Medizinische Hochschule Hannover (MHH),10247
29463,Klinik für Nieren- und Hochdruckerkrankungen,level1,Medizinische Hochschule Hannover (MHH),10247
29466,Klinik für Pneumologie und Infektiologie,level1,Medizinische Hochschule Hannover (MHH),10247
43475099,Abteilung für Experimentelle Pneumologie,level2,Medizinische Hochschule Hannover (MHH),10247
29467,Klinik für Rheumatologie und Immunologie,level1,Medizinische Hochschule Hannover (MHH),10247
13803,Zentrum Laboratoriumsmedizin,level0,Medizinische Hochschule Hannover (MHH),10247
30723,Institut für Immunologie,level1,Medizinische Hochschule Hannover (MHH),10247
17207,Institut für Klinische Chemie,level1,Medizinische Hochschule Hannover (MHH),10247
407618017,Arbeitsgruppe Entzündungsforschung,level2,Medizinische Hochschule Hannover (MHH),10247
17208,Institut für Medizinische Mikrobiologie und Krankenhaushygiene,level1,Medizinische Hochschule Hannover (MHH),10247
17210,Institut für Molekularbiologie,level1,Medizinische Hochschule Hannover (MHH),10247
13787,Institut für Transfusionsmedizin und Transplantat Engineering,level1,Medizinische Hochschule Hannover (MHH),10247
17206,Institut für Virologie,level1,Medizinische Hochschule Hannover (MHH),10247
29461,Zentrales Tierlabor und Institut für Versuchstierkunde,level1,Medizinische Hochschule Hannover (MHH),10247
13807,Zentrum Physiologie,level0,Medizinische Hochschule Hannover (MHH),10247
29454,Institut für Molekular- und Zellphysiologie,level1,Medizinische Hochschule Hannover (MHH),10247
17219,Institut für Neurophysiologie,level1,Medizinische Hochschule Hannover (MHH),10247
13800,Zentrum Öffentliche Gesundheitspflege,level0,Medizinische Hochschule Hannover (MHH),10247
17195,Forschungs- und Lehreinheit Medizinische Psychologie,level1,Medizinische Hochschule Hannover (MHH),10247
17198,Forschungs- und Lehreinheit Medizinische Soziologie,level1,Medizinische Hochschule Hannover (MHH),10247
17197,"Institut für Epidemiologie, Sozialmedizin und Gesundheitssystemforschung",level1,Medizinische Hochschule Hannover (MHH),10247
434164937,Masterstudiengang Public Health,level2,Medizinische Hochschule Hannover (MHH),10247
202259462,Patientenuniversität an der Medizinischen Hochschule Hannover,level2,Medizinische Hochschule Hannover (MHH),10247
17196,"Institut für Ethik, Geschichte und Philosophie der Medizin",level1,Medizinische Hochschule Hannover (MHH),10247
443884006,Campus Institut für Dynamik biologischer Netzwerke (CIDBN),level0,Georg-August-Universität Göttingen,10236
443885740,Abteilung Datengetriebene Analyse biologischer Netzwerke,level1,Georg-August-Universität Göttingen,10236
565050847,Campus-Institut Data Science (CIDAS),level0,Georg-August-Universität Göttingen,10236
179419375,Centre for Modern Indian Studies (CeMIS),level0,Georg-August-Universität Göttingen,10236
517973470,Forschungsgruppe Moderne Indische Geschichte,level1,Georg-August-Universität Göttingen,10236
232350829,"Courant Forschungszentrum ""Armut, Ungleichheit und Wachstum in Entwicklungsländern""",level0,Georg-August-Universität Göttingen,10236
214341364,"Courant Forschungszentrum ""Bildung und Religion""",level0,Georg-August-Universität Göttingen,10236
252506619,Area 1: Pietas und Paideia. Religiöse Traditionen und intellektuelle Kulturen in der Welt des Römischen Reiches,level1,Georg-August-Universität Göttingen,10236
171578186,"Courant Forschungszentrum ""Evolution des Sozialverhaltens""",level0,Georg-August-Universität Göttingen,10236
102731477,"Courant Forschungszentrum ""Nanospektroskopie und Röntgenbildgebung""",level0,Georg-August-Universität Göttingen,10236
236737778,Courant Forschungszentrum Geobiologie,level0,Georg-August-Universität Göttingen,10236
203731822,"Courant-Forschungszentrum ""Textstrukturen""",level0,Georg-August-Universität Göttingen,10236
13204649,DFG Forschungszentrum für Molekularphysiologie des Gehirns,level0,Georg-August-Universität Göttingen,10236
325190424,"Erasmus Mundus Programme Euroculture - Society, politics and culture in a global context",level0,Georg-August-Universität Göttingen,10236
13696,Fakultät für Agrarwissenschaften,level0,Georg-August-Universität Göttingen,10236
157085139,Außenstelle Vechta,level1,Georg-August-Universität Göttingen,10236
16802,Department für Agrarökonomie und Rurale Entwicklung,level1,Georg-August-Universität Göttingen,10236
506591444,Abteilung Management der Agrar- und Ernährungswirtschaft,level2,Georg-August-Universität Göttingen,10236
25977,Abteilung Umwelt- und Ressourcenökonomik,level2,Georg-August-Universität Göttingen,10236
551171859,Lehrstuhl Ökonomik nachhaltiger Agrar- und Ernährungssysteme,level3,Georg-August-Universität Göttingen,10236
16809,Arbeitsbereich Welternährungswirtschaft und rurale Entwicklung,level2,Georg-August-Universität Göttingen,10236
407252766,Fachgebiet Sozial-ökologische Interaktionen in Agrarsystemen,level2,Georg-August-Universität Göttingen,10236
563520382,Forschungsverbund Zukunft der Ernährung in Niedersachsen (ZERN),level2,Georg-August-Universität Göttingen,10236
210302701,Lehrstuhl Betriebswirtschaftslehre des Agribusiness,level2,Georg-August-Universität Göttingen,10236
25954,Lehrstuhl für Agrarpolitik,level2,Georg-August-Universität Göttingen,10236
25959,Lehrstuhl für Landwirtschaftliche Betriebslehre,level2,Georg-August-Universität Göttingen,10236
28104,Lehrstuhl für Landwirtschaftliche Marktlehre,level2,Georg-August-Universität Göttingen,10236
210303221,Lehrstuhl für Soziologie Ländlicher Räume,level2,Georg-August-Universität Göttingen,10236
29672592,Lehrstuhl Marketing für Lebensmittel und Agrarprodukte,level2,Georg-August-Universität Göttingen,10236
16806,Department für Nutzpflanzenwissenschaften,level1,Georg-August-Universität Göttingen,10236
16805,Abteilung Agrarpedologie,level2,Georg-August-Universität Göttingen,10236
16803,Abteilung Agrartechnik,level2,Georg-August-Universität Göttingen,10236
25827,Abteilung Agrarökologie und Funktionelle Agrobiodiversität,level2,Georg-August-Universität Göttingen,10236
452408258,Abteilung Biogeochemie der Agrarökosysteme,level2,Georg-August-Universität Göttingen,10236
236843247,Abteilung Bodenhydrologie,level2,Georg-August-Universität Göttingen,10236
516324464,Abteilung Bodenphysik,level2,Georg-August-Universität Göttingen,10236
25979,Abteilung Graslandwissenschaft,level2,Georg-August-Universität Göttingen,10236
437118740,Abteilung Nutzpflanzengenetik,level2,Georg-August-Universität Göttingen,10236
20687682,Abteilung Pflanzenbau,level2,Georg-August-Universität Göttingen,10236
25985,Abteilung Pflanzenernährung und Ertragsphysiologie,level2,Georg-August-Universität Göttingen,10236
25986,Abteilung Qualität pflanzlicher Erzeugnisse,level2,Georg-August-Universität Göttingen,10236
513979320,Abteilung Qualität und Sensorik pflanzlicher Erzeugnisse,level2,Georg-August-Universität Göttingen,10236
16807,Abteilung Tropischer Pflanzenbau und Agrosystem Modellierung,level2,Georg-August-Universität Göttingen,10236
437118994,Abteilung Zuchtmethodik der Pflanze,level2,Georg-August-Universität Göttingen,10236
16808,Fachgebiet Pflanzenpathologie und Pflanzenschutz,level2,Georg-August-Universität Göttingen,10236
25988,Abteilung Agrarentomologie,level3,Georg-August-Universität Göttingen,10236
100497857,Abteilung Molekulare Phytopathologie und Mykotoxinforschung,level3,Georg-August-Universität Göttingen,10236
157084871,Department Nutztierwissenschaften,level1,Georg-August-Universität Göttingen,10236
210324567,Abteilung Aquakultur und Gewässerökologie,level2,Georg-August-Universität Göttingen,10236
471756446,Abteilung Biotechnologie und Reproduktion landwirtschaftlicher Nutztiere,level2,Georg-August-Universität Göttingen,10236
356541912,Abteilung Functional Breeding,level2,Georg-August-Universität Göttingen,10236
210325786,Abteilung für Systeme der Nutztierhaltung,level2,Georg-August-Universität Göttingen,10236
210324916,Abteilung Mikrobiologie und Tierhygiene,level2,Georg-August-Universität Göttingen,10236
283365652,Abteilung Tierernährungsphysiologie und Ressourceneffizienz,level2,Georg-August-Universität Göttingen,10236
16810,Lehrstuhl für Tierernährungslehre,level3,Georg-August-Universität Göttingen,10236
16811,Abteilung Tierzucht und Haustiergenetik,level2,Georg-August-Universität Göttingen,10236
340649009,Abteilung Wiederkäuerernährung,level2,Georg-August-Universität Göttingen,10236
210325326,Abteilung Ökologie der Nutztierhaltung,level2,Georg-August-Universität Göttingen,10236
266143724,Arbeitsgruppe Biometrie und Bioinformatik,level2,Georg-August-Universität Göttingen,10236
35306236,Arbeitsgruppe Produktqualität tierischer Erzeugnisse,level2,Georg-August-Universität Göttingen,10236
981014,Arbeitsgruppe Tierhaltung in den Tropen und Subtropen,level2,Georg-August-Universität Göttingen,10236
16812,Tierärztliches Institut,level2,Georg-August-Universität Göttingen,10236
445754280,Institut für angewandte Pflanzenernährung (IAPN),level1,Georg-August-Universität Göttingen,10236
13697,Fakultät für Biologie und Psychologie,level0,Georg-August-Universität Göttingen,10236
16817,Albrecht-von-Haller-Institut für Pflanzenwissenschaften,level1,Georg-August-Universität Göttingen,10236
209017176,Abteilung Bioanalytik,level2,Georg-August-Universität Göttingen,10236
980946,Abteilung Biochemie der Pflanze,level2,Georg-August-Universität Göttingen,10236
23691,Abteilung Experimentelle Phykologie und Sammlung von Algenkulturen (EPSAG),level2,Georg-August-Universität Göttingen,10236
20781378,Abteilung für die Didaktik der Biologie,level2,Georg-August-Universität Göttingen,10236
49046485,Abteilung Molekularbiologie und Physiologie der Pflanze,level2,Georg-August-Universität Göttingen,10236
580899853,Abteilung Molekulare Stressphysiologie der Pflanzen,level2,Georg-August-Universität Göttingen,10236
23689,Abteilung Palynologie und Klimadynamik,level2,Georg-August-Universität Göttingen,10236
23694,"Abteilung Systematik, Biodiversität und Evolution der Planzen",level2,Georg-August-Universität Göttingen,10236
23695,Abteilung Vegetationsanalyse und Phytodiversität,level2,Georg-August-Universität Göttingen,10236
23693,Abteilung Zellbiologie der Pflanze,level2,Georg-August-Universität Göttingen,10236
23692,Abteilung Ökologie und Ökosystemforschung,level2,Georg-August-Universität Göttingen,10236
20688190,Alter Botanischer Garten,level2,Georg-August-Universität Göttingen,10236
49066222,Experimenteller Botanischer Garten,level2,Georg-August-Universität Göttingen,10236
172486634,Nachwuchsgruppe Molekularbiologie der Pflanze-Mikroben-Interaktionen,level2,Georg-August-Universität Göttingen,10236
16816,Georg-Elias-Müller-Institut für Psychologie,level1,Georg-August-Universität Göttingen,10236
403605895,Abteilung Affektive Neurowissenschaft und Psychophysiologie,level2,Georg-August-Universität Göttingen,10236
27290,Abteilung Biologische Persönlichkeitspsychologie,level2,Georg-August-Universität Göttingen,10236
560902828,Abteilung der Psychologie der Sprache,level2,Georg-August-Universität Göttingen,10236
552189568,Abteilung für Arbeits- und Organisationspsychologie,level2,Georg-August-Universität Göttingen,10236
27289,Abteilung für Experimentelle Psychologie,level2,Georg-August-Universität Göttingen,10236
27296,Abteilung für Klinische Psychologie und Psychotherapie,level2,Georg-August-Universität Göttingen,10236
27288,Abteilung für Kognitionswissenschaft und Entscheidungspsychologie,level2,Georg-August-Universität Göttingen,10236
27292,Abteilung für Kognitive Entwicklungspsychologie,level2,Georg-August-Universität Göttingen,10236
49066395,Abteilung für Pädagogische Psychologie,level2,Georg-August-Universität Göttingen,10236
27295,Abteilung für Sozial- und Kommunikationspsychologie,level2,Georg-August-Universität Göttingen,10236
27294,Abteilung für Wirtschafts- und Sozialpsychologie,level2,Georg-August-Universität Göttingen,10236
540719621,Abteilung Klinische Psychologie und Experimentelle Psychopathologie,level2,Georg-August-Universität Göttingen,10236
542876250,"Abteilung Kognition, Emotion und Verhalten",level2,Georg-August-Universität Göttingen,10236
534071898,Abteilung Translationale Psychotherapie,level2,Georg-August-Universität Göttingen,10236
16815,Institut für Mikrobiologie und Genetik,level1,Georg-August-Universität Göttingen,10236
471602117,Abteilung Angewandte Bioinformatik,level2,Georg-August-Universität Göttingen,10236
27175,Abteilung für Allgemeine Mikrobiologie,level2,Georg-August-Universität Göttingen,10236
981522,Abteilung für Bioinformatik,level2,Georg-August-Universität Göttingen,10236
27177,Abteilung für Molekulare Mikrobiologie und Genetik,level2,Georg-August-Universität Göttingen,10236
27180,Abteilung für Molekulare Strukturbiologie,level2,Georg-August-Universität Göttingen,10236
21951920,Göttinger Zentrum für Molekulare Biowissenschaften (GZMB),level3,Georg-August-Universität Göttingen,10236
21951972,Institute for Molecular Oncology,level4,Georg-August-Universität Göttingen,10236
49086649,Abteilung Genetik eukaryotischer Mikroorganismen,level2,Georg-August-Universität Göttingen,10236
27178,Abteilung Genomische und Angewandte Mikrobiologie,level2,Georg-August-Universität Göttingen,10236
27179,Abteilung Molekulare Genetik,level2,Georg-August-Universität Göttingen,10236
27181,Laboratorium für Genomanalyse,level2,Georg-August-Universität Göttingen,10236
16814,Johann-Friedrich-Blumenbach Institut für Zoologie und Anthropologie,level1,Georg-August-Universität Göttingen,10236
403003880,Abteilung Biodiversität und Evolution der Tiere,level2,Georg-August-Universität Göttingen,10236
14557935,Abteilung Entwicklungsbiologie,level2,Georg-August-Universität Göttingen,10236
406235904,Abteilung Evolutionäre Entwicklungsgenetik,level2,Georg-August-Universität Göttingen,10236
160878973,Abteilung für molekulare Neurobiologie des Verhaltens,level2,Georg-August-Universität Göttingen,10236
27189,Abteilung Historische Anthropologie und Humanökologie,level2,Georg-August-Universität Göttingen,10236
524726810,Abteilung Multiskalen-Biologie,level2,Georg-August-Universität Göttingen,10236
244359115,Abteilung Naturschutzbiologie,level2,Georg-August-Universität Göttingen,10236
150385993,Abteilung Soziobiologie/ Anthropologie,level2,Georg-August-Universität Göttingen,10236
210237110,Abteilung Systemische Neurobiologie,level2,Georg-August-Universität Göttingen,10236
315492285,Abteilung Verhaltensökologie,level2,Georg-August-Universität Göttingen,10236
27182,Abteilung Zelluläre Neurobiologie,level2,Georg-August-Universität Göttingen,10236
27185,Arbeitsgruppe Tierökologie,level2,Georg-August-Universität Göttingen,10236
13698,Fakultät für Chemie,level0,Georg-August-Universität Göttingen,10236
16818,Institut für Anorganische Chemie,level1,Georg-August-Universität Göttingen,10236
216002654,Abteilung für Fachdidaktik Chemie,level2,Georg-August-Universität Göttingen,10236
27973,Lehrstuhl für Strukturchemie,level2,Georg-August-Universität Göttingen,10236
16819,Institut für Organische und Biomolekulare Chemie,level1,Georg-August-Universität Göttingen,10236
16820,Institut für Physikalische Chemie,level1,Georg-August-Universität Göttingen,10236
415542323,Abteilung Schwingungsspektroskopie und zwischenmolekulare Wechselwirkungen,level2,Georg-August-Universität Göttingen,10236
27978,Abteilung Technische und Makromolekulare Chemie (TuMChem),level2,Georg-August-Universität Göttingen,10236
13707,Fakultät für Forstwissenschaften und Waldökologie,level0,Georg-August-Universität Göttingen,10236
581312596,Abteilung Landschaftshydrologie,level1,Georg-August-Universität Göttingen,10236
215713403,Burckhardt-Institut,level1,Georg-August-Universität Göttingen,10236
16919,Abteilung Arbeitswissenschaft und Verfahrenstechnologie,level2,Georg-August-Universität Göttingen,10236
21623,Abteilung Forstökonomie,level2,Georg-August-Universität Göttingen,10236
279303694,Abteilung für Forst- und Naturschutzpolitik,level2,Georg-August-Universität Göttingen,10236
586990963,Abteilung für Forstpolitik,level2,Georg-August-Universität Göttingen,10236
16912,Abteilung Holzbiologie und Holzprodukte,level2,Georg-August-Universität Göttingen,10236
210365618,Abteilung Holztechnologie und Holzwerkstoffe,level2,Georg-August-Universität Göttingen,10236
970920,Abteilung Waldbau und Waldökologie der gemäßigten Zonen,level2,Georg-August-Universität Göttingen,10236
28029,Abteilung Waldbau und Waldökologie der Tropen,level2,Georg-August-Universität Göttingen,10236
16914,Abteilung Waldinventur und Fernerkundung,level2,Georg-August-Universität Göttingen,10236
452250689,Abteilung Waldnaturschutz,level2,Georg-August-Universität Göttingen,10236
215712911,Büsgen-Institut,level1,Georg-August-Universität Göttingen,10236
16910,Abteilung Bioklimatologie,level2,Georg-August-Universität Göttingen,10236
16913,Abteilung Forstbotanik und Baumphysiologie,level2,Georg-August-Universität Göttingen,10236
424920999,Labor für Radioisotope,level3,Georg-August-Universität Göttingen,10236
16915,Abteilung Forstgenetik und  Forstpflanzenzüchtung,level2,Georg-August-Universität Göttingen,10236
16918,Abteilung Forstzoologie und Waldschutz,level2,Georg-August-Universität Göttingen,10236
82348362,Abteilung Molekulare Holzbiotechnologie und technische Mykologie,level2,Georg-August-Universität Göttingen,10236
317346153,Abteilung Wildtierwissenschaften,level2,Georg-August-Universität Göttingen,10236
16921,"Abteilung Ökoinformatik, Biometrie und Waldwachstum",level2,Georg-August-Universität Göttingen,10236
16911,Abteilung Ökopedologie der Tropen und Subtropen,level2,Georg-August-Universität Göttingen,10236
146596890,Abteilung Ökosystemmodellierung,level2,Georg-August-Universität Göttingen,10236
209262330,Ökopedologie der gemäßigten Zonen,level2,Georg-August-Universität Göttingen,10236
406954194,Juniorprofessur für Holztechnologie und Holzchemie,level1,Georg-August-Universität Göttingen,10236
198518444,Kompetenzzentrum Stabile Isotope,level1,Georg-August-Universität Göttingen,10236
504088658,Professur für Räumliche Strukturen und Digitalisierung von Wäldern,level1,Georg-August-Universität Göttingen,10236
585849609,Stiftungsprofessur Forstliche Phytopathobiome,level1,Georg-August-Universität Göttingen,10236
16801,Zentrum für Biodiversität und nachhaltige Landnutzung,level1,Georg-August-Universität Göttingen,10236
191441328,"Biodiversität, Makroökologie und Biogeographie Group",level2,Georg-August-Universität Göttingen,10236
13694,Sektion Tropische und Subtropische Agrar- und Forstwissenschaften (CBL-SeTSAF),level2,Georg-August-Universität Göttingen,10236
16909,Sektion Waldökosystemforschung,level2,Georg-August-Universität Göttingen,10236
13699,Fakultät für Geowissenschaften und Geographie,level0,Georg-August-Universität Göttingen,10236
16823,Geographisches Institut,level1,Georg-August-Universität Göttingen,10236
49906363,Abteilung Humangeographie,level2,Georg-August-Universität Göttingen,10236
49906402,"Abteilung Kartographie, GIS und Fernerkundung",level2,Georg-August-Universität Göttingen,10236
27064,Abteilung Physische Geographie,level2,Georg-August-Universität Göttingen,10236
511716826,Professur Landscape Geoscience,level3,Georg-August-Universität Göttingen,10236
49906346,Arbeitsgruppe Fachdidaktik Erdkunde,level2,Georg-August-Universität Göttingen,10236
27044,Geowissenschaftliches Zentrum (GZG),level1,Georg-August-Universität Göttingen,10236
20696200,Abteilung Angewandte Geologie,level2,Georg-August-Universität Göttingen,10236
449757507,Abteilung Computational Geoscience,level2,Georg-August-Universität Göttingen,10236
16826,Abteilung Experimentelle und Angewandte Mineralogie,level2,Georg-August-Universität Göttingen,10236
16824,Abteilung Geobiologie,level2,Georg-August-Universität Göttingen,10236
16822,Abteilung Geochemie,level2,Georg-August-Universität Göttingen,10236
27057,Abteilung Isotopengeologie,level2,Georg-August-Universität Göttingen,10236
16825,Abteilung Kristallographie,level2,Georg-August-Universität Göttingen,10236
16827,Abteilung Sedimentologie und Umweltgeologie,level2,Georg-August-Universität Göttingen,10236
27062,Abteilung Strukturgeologie und Geodynamik,level2,Georg-August-Universität Göttingen,10236
27063,Geowissenschaftliches Museum,level2,Georg-August-Universität Göttingen,10236
13701,Fakultät für Mathematik und Informatik,level0,Georg-August-Universität Göttingen,10236
128675164,"CRC - Courant Forschungszentrum ""Strukturen höherer Ordnung""",level1,Georg-August-Universität Göttingen,10236
31313335,Institut für Informatik (IfI),level1,Georg-August-Universität Göttingen,10236
390955516,Arbeitsgruppe Züchtungsinformatik,level2,Georg-August-Universität Göttingen,10236
372660770,Göttingen Centre for Digital Humanities (GCDH),level2,Georg-August-Universität Göttingen,10236
981634,Lehrstuhl für Telematik,level2,Georg-August-Universität Göttingen,10236
16855,Institut für Mathematische Stochastik (IMS),level1,Georg-August-Universität Göttingen,10236
16856,Institut für Numerische und Angewandte Mathematik (NAM),level1,Georg-August-Universität Göttingen,10236
16857,Mathematisches Institut (MI),level1,Georg-August-Universität Göttingen,10236
392386912,Sino-German Institute of Social Computing,level1,Georg-August-Universität Göttingen,10236
27307,Zentrum für Angewandte Informatik,level1,Georg-August-Universität Göttingen,10236
13703,Fakultät für Physik,level0,Georg-August-Universität Göttingen,10236
460651699,Arbeitsgruppe Didaktik der Physik,level1,Georg-August-Universität Göttingen,10236
460651983,Juniorprofessur Physik und ihre Didaktik,level2,Georg-August-Universität Göttingen,10236
16878,I. Physikalisches Institut - Festkörper- und Tieftemperaturphysik -,level1,Georg-August-Universität Göttingen,10236
412678632,Arbeitsgruppe Ultraschnelle Phänomene,level2,Georg-August-Universität Göttingen,10236
16879,II. Physikalisches Institut - Atom- und Kernphysik,level1,Georg-August-Universität Göttingen,10236
16880,III. Physikalisches Institut - Biophysik,level1,Georg-August-Universität Göttingen,10236
16882,Institut für Astrophysik und Geophysik,level1,Georg-August-Universität Göttingen,10236
318588008,Institut für Dynamik komplexer Systeme,level1,Georg-August-Universität Göttingen,10236
16883,Institut für Materialphysik,level1,Georg-August-Universität Göttingen,10236
451017132,Collaborative Laboratory and User Facility for Electron Microscopy (CLUE),level2,Georg-August-Universität Göttingen,10236
16877,Institut für Röntgenphysik,level1,Georg-August-Universität Göttingen,10236
16884,Institut für Theoretische Physik,level1,Georg-August-Universität Göttingen,10236
16885,IV. Physikalisches Institut: Halbleiterphysik,level1,Georg-August-Universität Göttingen,10236
378887169,Forum für interdisziplinäre Religionsforschung (FiReF),level0,Georg-August-Universität Göttingen,10236
270816002,Graduiertenschule für Geisteswissenschaften Göttingen (GSGG),level0,Georg-August-Universität Göttingen,10236
28996876,"Göttinger Graduiertenzentrum für Neurowissenschaften, Biophysik und Molekulare Biowissenschaften (GGNB)",level0,Georg-August-Universität Göttingen,10236
238524971,Arbeitsbereich Neurosciene,level1,Georg-August-Universität Göttingen,10236
30017,Informationsverbund Dermatologischer Kliniken (IVDK),level0,Georg-August-Universität Göttingen,10236
27112,Interdisziplinäres Zentrum für Nachhaltige Entwicklung,level0,Georg-August-Universität Göttingen,10236
13708,Juristische Fakultät,level0,Georg-August-Universität Göttingen,10236
16923,Institut für Arbeitsrecht,level1,Georg-August-Universität Göttingen,10236
971589,Lehrstuhl für BR und Arbeitsrecht,level2,Georg-August-Universität Göttingen,10236
20703418,"Lehrstuhl für BR, Arbeits- und Sozialrecht",level2,Georg-August-Universität Göttingen,10236
56625117,Institut für Grundlagen des Rechts,level1,Georg-August-Universität Göttingen,10236
20715350,Abteilung für Deutsche Rechtsgeschichte,level2,Georg-August-Universität Göttingen,10236
16926,Abteilung für Römisches und Gemeines Recht,level2,Georg-August-Universität Göttingen,10236
460212264,"Abteilung für Staatstheorie, Politische Wissenschaften und Vergleichendes Staatsrecht",level2,Georg-August-Universität Göttingen,10236
40874495,Lehrstuhl für Rechts- und Sozialphilosophie,level2,Georg-August-Universität Göttingen,10236
56645085,Institut für Kriminalwissenschaften,level1,Georg-August-Universität Göttingen,10236
211055305,"Abteilung für Kriminologie, Jugendstrafrecht und Strafvollzug",level2,Georg-August-Universität Göttingen,10236
20695676,Abteilung für strafrechtliches Medizin- und Biorecht,level2,Georg-August-Universität Göttingen,10236
211056489,"Lehrstuhl für Straf- und Strafprozessrecht, Rechtsvergleichung, internationales Strafrecht und Völkerrecht",level2,Georg-August-Universität Göttingen,10236
12549868,Lehrstuhl für Strafrecht und Strafprozessrecht,level2,Georg-August-Universität Göttingen,10236
16925,Institut für Landwirtschaftsrecht,level1,Georg-August-Universität Göttingen,10236
27737,Institut für Privat- und Prozessrecht,level1,Georg-August-Universität Göttingen,10236
276465803,Lehrstuhl für BR - Schwerpunkt Familienrecht -,level2,Georg-August-Universität Göttingen,10236
276464318,"Lehrstuhl für BR, Anwaltsrecht und Zivilprozessrecht",level2,Georg-August-Universität Göttingen,10236
276465167,"Lehrstuhl für BR, Handelsrecht, deutsches und ausländisches Zivilprozessrecht",level2,Georg-August-Universität Göttingen,10236
27755,"Lehrstuhl für BR, Medizinrecht, IPR und Rechtsvergleichung",level2,Georg-August-Universität Göttingen,10236
63137678,"Lehrstuhl für BR, Zivilprozessrecht, Medizinrecht und Rechtsvergleichung",level2,Georg-August-Universität Göttingen,10236
16927,Institut für Völkerrecht und Europarecht,level1,Georg-August-Universität Göttingen,10236
27736,Abteilung Europarecht,level2,Georg-August-Universität Göttingen,10236
27734,Abteilung für Allgemeines Völkerrecht,level2,Georg-August-Universität Göttingen,10236
27735,Abteilung für Internationales Wirtschaftsrecht und Umweltrecht,level2,Georg-August-Universität Göttingen,10236
27745,Institut für Wirtschaftsrecht,level1,Georg-August-Universität Göttingen,10236
276474817,"Lehrstuhl für BR, Kartellrecht, Versicherungs-, Gesellschafts- und Regulierungsrecht",level2,Georg-August-Universität Göttingen,10236
20293281,"Lehrstuhl für Bürgerliches Recht, Handels- und Wirtschaftsrecht, Rechtsvergleichung, Multimedia- und Telekommunikationsrecht",level2,Georg-August-Universität Göttingen,10236
27788,Institut für Öffentliches Recht,level1,Georg-August-Universität Göttingen,10236
211062667,Abteilung für Verwaltungsrecht,level2,Georg-August-Universität Göttingen,10236
20690082,Lehrstuhl für Öffentliches Recht,level2,Georg-August-Universität Göttingen,10236
516596148,"Lehrstuhl für Öffentliches Recht, insbesondere Verwaltungsrecht",level2,Georg-August-Universität Göttingen,10236
211063380,"Lehrstuhl für ÖR, insb. Kirchenrecht und Staatskirchenrecht",level2,Georg-August-Universität Göttingen,10236
424470351,"Lehrstuhl für Bürgerliches Recht, Wettbewerbs- und Immaterialgüterrecht, Medien- und Informationsrecht",level1,Georg-August-Universität Göttingen,10236
274945888,Lehrstuhl für Strafrecht und Kriminologie,level1,Georg-August-Universität Göttingen,10236
20765108,Zentrum für Medizinrecht,level1,Georg-August-Universität Göttingen,10236
166648711,Lichtenberg-Kolleg,level0,Georg-August-Universität Göttingen,10236
13693,Niedersächsische Staats- und Universitätsbibliothek,level0,Georg-August-Universität Göttingen,10236
13700,Philosophische Fakultät,level0,Georg-August-Universität Göttingen,10236
16828,Althistorisches Seminar,level1,Georg-August-Universität Göttingen,10236
16829,Archäologisches Institut und Sammlung der Gipsabgüsse,level1,Georg-August-Universität Göttingen,10236
27747878,Christliche Archäologie und Byzantinische Kunstgeschichte,level1,Georg-August-Universität Göttingen,10236
16830,Diplomatischer Apparat,level1,Georg-August-Universität Göttingen,10236
16831,Finnisch-Ugrisches Seminar,level1,Georg-August-Universität Göttingen,10236
493456740,Institut für Digital Humanities,level1,Georg-August-Universität Göttingen,10236
16832,Institut für Historische Landesforschung,level1,Georg-August-Universität Göttingen,10236
16852,Institut für Kulturanthropologie/Europäische Ethnologie,level1,Georg-August-Universität Göttingen,10236
409031190,Institut für Religionswissenschaft,level1,Georg-August-Universität Göttingen,10236
16835,Kunstgeschichtliches Seminar und Kunstsammlung,level1,Georg-August-Universität Göttingen,10236
520420994,Moritz-Stern-Institut,level1,Georg-August-Universität Göttingen,10236
16836,Musikwissenschaftliches Seminar,level1,Georg-August-Universität Göttingen,10236
16837,Ostasiatisches Seminar,level1,Georg-August-Universität Göttingen,10236
16838,Philosophisches Seminar,level1,Georg-August-Universität Göttingen,10236
16845,Seminar für Altorientalistik,level1,Georg-August-Universität Göttingen,10236
528451998,Seminar für Arabistik / Islamwissenschaft I,level1,Georg-August-Universität Göttingen,10236
16840,Seminar für Arabistik / Islamwissenschaft II,level1,Georg-August-Universität Göttingen,10236
16841,Seminar für Deutsche Philologie,level1,Georg-August-Universität Göttingen,10236
263842452,Abteilung Germanistische Linguistik,level2,Georg-August-Universität Göttingen,10236
275179309,Abteilung Germanistische Mediävistik,level2,Georg-August-Universität Göttingen,10236
16821,Didaktik der Deutschen Sprache und Literatur,level2,Georg-August-Universität Göttingen,10236
16842,Seminar für Englische Philologie,level1,Georg-August-Universität Göttingen,10236
27674,Abteilung Neuere Englische Literatur,level2,Georg-August-Universität Göttingen,10236
16843,Seminar für Indologie und Tibetologie,level1,Georg-August-Universität Göttingen,10236
16844,Seminar für Iranistik,level1,Georg-August-Universität Göttingen,10236
16846,Seminar für Klassische Philologie,level1,Georg-August-Universität Göttingen,10236
16847,Seminar für Mittlere und Neuere Geschichte,level1,Georg-August-Universität Göttingen,10236
570830693,Lehrstuhl für Neuere und Neueste Geschichte,level2,Georg-August-Universität Göttingen,10236
16848,Seminar für Romanische Philologie,level1,Georg-August-Universität Göttingen,10236
16849,Seminar für Slavische Philologie,level1,Georg-August-Universität Göttingen,10236
16850,Seminar für Turkologie und Zentralasienkunde,level1,Georg-August-Universität Göttingen,10236
16851,Seminar für Ur- und Frühgeschichte,level1,Georg-August-Universität Göttingen,10236
16839,Seminar für Ägyptologie und Koptologie,level1,Georg-August-Universität Göttingen,10236
16853,Skandinavisches Seminar,level1,Georg-August-Universität Göttingen,10236
16854,Sprachwissenschaftliches Seminar,level1,Georg-August-Universität Göttingen,10236
16543465,Zentrum für Mittelalter- und Frühneuzeitforschung,level1,Georg-August-Universität Göttingen,10236
16833,Abteilung für Lateinische Philologie des Mittelalters und der Neuzeit,level2,Georg-August-Universität Göttingen,10236
429840019,Sonderforschungsbereich 1136 Bildung und Religion in Kulturen des Mittelmeerraums und seiner Umwelt von der Antike bis zum Mittelalter und zum Klassischen Islam,level0,Georg-August-Universität Göttingen,10236
13704,Sozialwissenschaftliche Fakultät,level0,Georg-August-Universität Göttingen,10236
207616746,Institut für Demokratieforschung,level1,Georg-August-Universität Göttingen,10236
252071061,Institut für Diversitätsforschung,level1,Georg-August-Universität Göttingen,10236
16888,Institut für Erziehungswissenschaft,level1,Georg-August-Universität Göttingen,10236
252071861,Arbeitsbereich Allgemeine und Historische Erziehungswissenschaft,level2,Georg-August-Universität Göttingen,10236
20695244,Arbeitsbereich Schulpädagogik/Empirische Schulforschung,level2,Georg-August-Universität Göttingen,10236
970918,Institut für Ethnologie und Ethnologische Sammlung,level1,Georg-August-Universität Göttingen,10236
27323,Institut für Methoden und methodologische Grundlagen der Sozialwissenschaften (IMMS),level1,Georg-August-Universität Göttingen,10236
16889,Institut für Politikwissenschaft,level1,Georg-August-Universität Göttingen,10236
437420470,Arbeitsbereich Politische Theorie und Ideengeschichte,level2,Georg-August-Universität Göttingen,10236
16890,Institut für Soziologie,level1,Georg-August-Universität Göttingen,10236
971937,Institut für Sportwissenschaften,level1,Georg-August-Universität Göttingen,10236
971936,Koordinationsstelle Geschlechterforschung,level1,Georg-August-Universität Göttingen,10236
13705,Theologische Fakultät,level0,Georg-August-Universität Göttingen,10236
16892,Institut für Spezialforschungen,level1,Georg-August-Universität Göttingen,10236
211170523,Abteilung für Niedersächsische Kirchengeschichte,level2,Georg-August-Universität Göttingen,10236
211162244,Abteilung für Patristische Theologie,level2,Georg-August-Universität Göttingen,10236
27407,Abteilung Judaistik,level2,Georg-August-Universität Göttingen,10236
568228521,Lehrstuhl für Judaistik/Jüdische Studien,level3,Georg-August-Universität Göttingen,10236
27406,Abteilung Qumranforschung,level2,Georg-August-Universität Göttingen,10236
27417,Lehrstuhl für Ökumenische Theologie und Orientalische Kirchen- und Missionsgeschichte,level2,Georg-August-Universität Göttingen,10236
581124882,Seminar für Altes Testament,level1,Georg-August-Universität Göttingen,10236
16893,Vereinigte Theologische Seminare,level1,Georg-August-Universität Göttingen,10236
31414650,Seminar Altes Testament,level2,Georg-August-Universität Göttingen,10236
59573712,Seminar Kirchengeschichte,level2,Georg-August-Universität Göttingen,10236
980894,Seminar Neues Testament,level2,Georg-August-Universität Göttingen,10236
59573686,Seminar Praktische Theologie mit Religionspädagogik,level2,Georg-August-Universität Göttingen,10236
981635,Seminar Religionswissenschaft,level2,Georg-August-Universität Göttingen,10236
21622,Seminar Systematische Theologie,level2,Georg-August-Universität Göttingen,10236
161944809,Lehrstuhl für Ethik,level3,Georg-August-Universität Göttingen,10236
13702,Universitätsmedizin Göttingen (UMG),level0,Georg-August-Universität Göttingen,10236
13002060,Abteilung Experimentelle Neurodegeneration,level1,Georg-August-Universität Göttingen,10236
444272106,Abteilung für Geriatrie,level1,Georg-August-Universität Göttingen,10236
981779,Abteilung Nuklearmedizin,level1,Georg-August-Universität Göttingen,10236
21618,Abteilung Rechtsmedizin,level1,Georg-August-Universität Göttingen,10236
328935754,Center for Biostructural Imaging of Neurodegeneration (BIN),level1,Georg-August-Universität Göttingen,10236
557417109,Deutsches Zentrum für Kinder und Jugendgesundheit,level1,Georg-August-Universität Göttingen,10236
30073,European Neuroscience Institute (ENI-G),level1,Georg-August-Universität Göttingen,10236
434526150,Exzellenzcluster Multiscale Bioimaging,level1,Georg-August-Universität Göttingen,10236
287183382,Herzzentrum Göttingen,level1,Georg-August-Universität Göttingen,10236
21592,Klinik für Kardiologie und Pneumologie,level2,Georg-August-Universität Göttingen,10236
21595,Institut für Allgemeinmedizin,level1,Georg-August-Universität Göttingen,10236
21619,"Institut für Arbeits-, Sozial- und Umweltmedizin",level1,Georg-August-Universität Göttingen,10236
282279969,Institut für Auditorische Neurowissenschaften,level1,Georg-August-Universität Göttingen,10236
15110173,Institut für Bioinformatik,level1,Georg-August-Universität Göttingen,10236
9456945,Institut für Diagnostische und Interventionelle Neuroradiologie,level1,Georg-August-Universität Göttingen,10236
21609,Institut für Ethik und Geschichte der Medizin,level1,Georg-August-Universität Göttingen,10236
27864,Institut für Genetische Epidemiologie,level1,Georg-August-Universität Göttingen,10236
21588,Institut für Humangenetik,level1,Georg-August-Universität Göttingen,10236
21593,Institut für Klinische Chemie,level1,Georg-August-Universität Göttingen,10236
21605,Institut für Klinische Pharmakologie,level1,Georg-August-Universität Göttingen,10236
21616,Institut für Klinische und Interventionelle Radiologie,level1,Georg-August-Universität Göttingen,10236
211257000,Institut für Kognitive Neurologie,level1,Georg-August-Universität Göttingen,10236
438054087,Institut für Medizinische Bioinformatik,level1,Georg-August-Universität Göttingen,10236
21596,Institut für Medizinische Informatik,level1,Georg-August-Universität Göttingen,10236
27807,Institut für Medizinische Mikrobiologie,level1,Georg-August-Universität Göttingen,10236
21614,Institut für Medizinische Psychologie und Medizinische Soziologie,level1,Georg-August-Universität Göttingen,10236
21597,Institut für Medizinische Statistik,level1,Georg-August-Universität Göttingen,10236
16749069,Institut für Neuroimmunologie und Multiple-Sklerose-Forschung,level1,Georg-August-Universität Göttingen,10236
274998286,Abteilung Neuroimmunologie,level2,Georg-August-Universität Göttingen,10236
21601,Institut für Neuropathologie,level1,Georg-August-Universität Göttingen,10236
20723234,Institut für Neurorehabilitationssysteme,level1,Georg-August-Universität Göttingen,10236
980890,Institut für Pathologie,level1,Georg-August-Universität Göttingen,10236
16867,Institut für Pharmakologie und Toxikologie,level1,Georg-August-Universität Göttingen,10236
216094965,Giftinformationszentrum-Nord,level2,Georg-August-Universität Göttingen,10236
21586,Institut für Zelluläre und Molekulare Immunologie,level1,Georg-August-Universität Göttingen,10236
432809503,Interdisziplinäre Notaufnahme (INA),level1,Georg-August-Universität Göttingen,10236
23142,"Klinik für Allgemein-, Viszeral- und Kinderchirurgie",level1,Georg-August-Universität Göttingen,10236
20779788,Klinik für Anästhesiologie,level1,Georg-August-Universität Göttingen,10236
20697280,Schmerz-Tagesklinik und -Ambulanz,level2,Georg-August-Universität Göttingen,10236
9245516,Klinik für Augenheilkunde,level1,Georg-August-Universität Göttingen,10236
208954095,Forschungsgruppe Sensory Processing in the Retina,level2,Georg-August-Universität Göttingen,10236
23150,"Klinik für Dermatologie, Venerologie und Allergologie",level1,Georg-August-Universität Göttingen,10236
21590,Klinik für Gastroenterologie und gastrointestinale Onkologie,level1,Georg-August-Universität Göttingen,10236
23148,Klinik für Geburtshilfe und Gynäkologie,level1,Georg-August-Universität Göttingen,10236
9240311,Klinik für Hals-Nasen-Ohrenheilkunde,level1,Georg-August-Universität Göttingen,10236
20707138,"Bereich Strabologie, Neuroophthalmologie, okuloplastische Chirurgie",level2,Georg-August-Universität Göttingen,10236
21581,Fachbereich Phoniatrie und Pädaudiologie,level2,Georg-August-Universität Göttingen,10236
221794715,InnerEarLab,level2,Georg-August-Universität Göttingen,10236
21591,Klinik für Hämatologie und Medizinische Onkologie,level1,Georg-August-Universität Göttingen,10236
16864,Klinik für Kinder- und Jugendmedizin,level1,Georg-August-Universität Göttingen,10236
21598,Abteilung Neuropädiatrie,level2,Georg-August-Universität Göttingen,10236
240463837,Stoffwechsel- und DNA-Labor,level3,Georg-August-Universität Göttingen,10236
14885566,Abteilung Pädiatrische Hämatologie und Onkologie,level2,Georg-August-Universität Göttingen,10236
21611,Klinik für Kinder- und Jugendpsychiatrie und Psychotherapie,level1,Georg-August-Universität Göttingen,10236
574324317,Marschik Lab - Systemische Ethologie und Entwicklungswissenschaft,level2,Georg-August-Universität Göttingen,10236
21600,Klinik für Klinische Neurophysiologie,level1,Georg-August-Universität Göttingen,10236
21594,Klinik für Nephrologie und Rheumatologie,level1,Georg-August-Universität Göttingen,10236
980889,Klinik für Neurochirurgie,level1,Georg-August-Universität Göttingen,10236
21599,Klinik für Neurologie,level1,Georg-August-Universität Göttingen,10236
398534080,AG Receptor Dynamics in Development and Disease,level2,Georg-August-Universität Göttingen,10236
20781134,The Bähr Lab - Neurobiologisches Labor,level2,Georg-August-Universität Göttingen,10236
40771776,Arbeitsgruppe Kügler: Viral Vectors Lab,level3,Georg-August-Universität Göttingen,10236
166013629,Klinik für Palliativmedizin,level1,Georg-August-Universität Göttingen,10236
21610,Klinik für Psychiatrie und Psychotherapie,level1,Georg-August-Universität Göttingen,10236
972648,Arbeitsgruppe Neurofunktionelle Systeme,level2,Georg-August-Universität Göttingen,10236
531781423,Forschungsgruppe Translationale Psychotherapieforschung,level2,Georg-August-Universität Göttingen,10236
21612,Schwerpunktprofessur für Forensische Psychiatrie und Psychotherapie,level2,Georg-August-Universität Göttingen,10236
21613,Klinik für Psychosomatische Medizin und Psychotherapie,level1,Georg-August-Universität Göttingen,10236
259449257,Labor für Molekulare Psychokardiologie,level2,Georg-August-Universität Göttingen,10236
14885687,Klinik für Pädiatrische Kardiologie und Intensivmedizin,level1,Georg-August-Universität Göttingen,10236
980891,Klinik für Strahlentherapie und Radioonkologie,level1,Georg-August-Universität Göttingen,10236
23147,"Klinik für Thorax-, Herz- und Gefäßchirurgie",level1,Georg-August-Universität Göttingen,10236
23145,"Klinik für Unfallchirurgie, Orthopädie und Plastische Chirurgie",level1,Georg-August-Universität Göttingen,10236
23146,Klinik für Urologie,level1,Georg-August-Universität Göttingen,10236
157780389,Molekulare und optische Phasenzellen-Darstellung,level1,Georg-August-Universität Göttingen,10236
552240254,Neuro- und Sinnesphysiologie,level1,Georg-August-Universität Göttingen,10236
558597070,Stem Cell Unit (SCU),level1,Georg-August-Universität Göttingen,10236
21587,Zentralabteilung Blutbank / Transfusionsmedizin,level1,Georg-August-Universität Göttingen,10236
391244317,Zentralabteilung Krankenhaushygiene und Infektiologie,level1,Georg-August-Universität Göttingen,10236
16859,Zentrum Anatomie,level1,Georg-August-Universität Göttingen,10236
20711228,Arbeitsgruppe Paläopathologie,level2,Georg-August-Universität Göttingen,10236
21578,Institut für Anatomie und Embryologie,level2,Georg-August-Universität Göttingen,10236
314126465,Institut für Anatomie und Zellbiologie,level2,Georg-August-Universität Göttingen,10236
21580,Institut für Neuroanatomie,level2,Georg-August-Universität Göttingen,10236
16861,Zentrum Biochemie und Molekulare Zellbiologie,level1,Georg-August-Universität Göttingen,10236
21583,Institut für Entwicklungsbiochemie,level2,Georg-August-Universität Göttingen,10236
21582,Institut für Molekularbiologie,level2,Georg-August-Universität Göttingen,10236
21584,Institut für Zellbiochemie,level2,Georg-August-Universität Göttingen,10236
20697392,Transkriptomanalyselabor,level2,Georg-August-Universität Göttingen,10236
16868,Zentrum Physiologie und Pathophysiologie,level1,Georg-August-Universität Göttingen,10236
21607,Institut für Herz- und Kreislaufphysiologie,level2,Georg-August-Universität Göttingen,10236
21608,Institut für Neuro- und Sinnesphysiologie,level2,Georg-August-Universität Göttingen,10236
508033543,Department of Computational Synaptic Physiology,level3,Georg-August-Universität Göttingen,10236
27794,Institut für Neurophysiologie und Zelluläre Biophysik,level2,Georg-August-Universität Göttingen,10236
16872,"Zentrum Zahn-, Mund- und Kieferheilkunde",level1,Georg-August-Universität Göttingen,10236
980893,"Klinik für Mund-, Kiefer- und Gesichtschirurgie",level2,Georg-August-Universität Göttingen,10236
21621,"Poliklinik für Präventive Zahnmedizin, Parodontologie und Kariologie",level2,Georg-August-Universität Göttingen,10236
980892,Poliklink für Kieferorthopädie,level2,Georg-August-Universität Göttingen,10236
20728856,Poliklink für Zahnärztliche Prothetik,level2,Georg-August-Universität Göttingen,10236
64837546,AG orale Biologie und Geweberegeneration,level3,Georg-August-Universität Göttingen,10236
13706,Wirtschaftswissenschaftliche Fakultät,level0,Georg-August-Universität Göttingen,10236
260693867,Department für Betriebswirtschaftslehre,level1,Georg-August-Universität Göttingen,10236
428102663,Juniorprofessur für Digitales Marketing,level2,Georg-August-Universität Göttingen,10236
540313439,Juniorprofessur für Entrepreneurship und Innovation,level2,Georg-August-Universität Göttingen,10236
434407711,Juniorprofessur für Informationssicherheit und Compliance,level2,Georg-August-Universität Göttingen,10236
273837605,Juniorprofessur für Management-Informationssysteme und Methoden,level2,Georg-August-Universität Göttingen,10236
16902,Lehrstuhl für Anwendungssysteme und E-Business,level2,Georg-August-Universität Göttingen,10236
16897,Lehrstuhl für Betriebswirtschaftliche Steuerlehre,level2,Georg-August-Universität Göttingen,10236
20686600,Lehrstuhl für Finanzen und Controlling,level2,Georg-August-Universität Göttingen,10236
16895,Lehrstuhl für Finanzwirtschaft,level2,Georg-August-Universität Göttingen,10236
16904,Lehrstuhl für Handelsbetriebslehre,level2,Georg-August-Universität Göttingen,10236
20700914,Lehrstuhl für Informationsmanagement,level2,Georg-August-Universität Göttingen,10236
111308064,Lehrstuhl für Management und Controlling,level2,Georg-August-Universität Göttingen,10236
258166765,Lehrstuhl für Marketing und Innovationsmanagement,level2,Georg-August-Universität Göttingen,10236
16898,"Lehrstuhl für Marketing, insbesondere Konsumentenforschung",level2,Georg-August-Universität Göttingen,10236
16901,Lehrstuhl für Organisation und Unternehmensentwicklung,level2,Georg-August-Universität Göttingen,10236
260633954,Lehrstuhl für Personalmanagement mit Schwerpunkt China / Asien,level2,Georg-August-Universität Göttingen,10236
16896,Lehrstuhl für Produktion und Logistik,level2,Georg-August-Universität Göttingen,10236
16899,Lehrstuhl für Rechnungslegung und Wirtschaftsprüfung,level2,Georg-August-Universität Göttingen,10236
16906,Lehrstuhl für Wirtschaftspädagogik und Personalentwicklung,level2,Georg-August-Universität Göttingen,10236
571533268,Professur für Financial Accounting and Sustainability Reporting,level2,Georg-August-Universität Göttingen,10236
437338259,Professur für Interorganisationale Informationssysteme,level2,Georg-August-Universität Göttingen,10236
541311192,Professur für Smart Services,level2,Georg-August-Universität Göttingen,10236
539695354,Professur für Wertschöpfungsmanagement,level2,Georg-August-Universität Göttingen,10236
20712422,Department für VWL,level1,Georg-August-Universität Göttingen,10236
27602,"Centrum für Europa -, Governance- und Entwicklungsforschung (cege)",level2,Georg-August-Universität Göttingen,10236
538213497,EY-Stiftungsprofessur Financial Governance,level2,Georg-August-Universität Göttingen,10236
16894,Ibero-Amerika Institut für Wirtschaftsforschung,level2,Georg-August-Universität Göttingen,10236
16903,Institut für Wirtschafts- und Sozialgeschichte,level2,Georg-August-Universität Göttingen,10236
144593702,Juniorprofessur für Entwicklungsökonomik,level2,Georg-August-Universität Göttingen,10236
464503132,Juniorprofessur für Experimentelle Wirtschaftsforschung,level2,Georg-August-Universität Göttingen,10236
524990887,Juniorprofessur für Internationalen Handel,level2,Georg-August-Universität Göttingen,10236
272449771,Juniorprofessur für Quantitatives Marketing,level2,Georg-August-Universität Göttingen,10236
111308287,Lehrstuhl für Außenwirtschaftslehre und angewandte Ökonometrie,level2,Georg-August-Universität Göttingen,10236
16907,Lehrstuhl für Finanzwissenschaft,level2,Georg-August-Universität Göttingen,10236
111308619,Lehrstuhl für Internationale und Monetäre Ökonomik,level2,Georg-August-Universität Göttingen,10236
181332384,Lehrstuhl für Makroökonomik und Entwicklungsökonomik,level2,Georg-August-Universität Göttingen,10236
111308510,Lehrstuhl für Mikroökonomik,level2,Georg-August-Universität Göttingen,10236
20748578,Lehrstuhl für Statistik,level2,Georg-August-Universität Göttingen,10236
64900808,Lehrstuhl für Wirtschaftspolitik und Mittelstandsforschung,level2,Georg-August-Universität Göttingen,10236
111308386,"Lehrstuhl für Wirtschaftspolitik, insb. Internationale Wirtschaftspolitik",level2,Georg-August-Universität Göttingen,10236
211243665,Lehrstuhl für Ökonometrie,level2,Georg-August-Universität Göttingen,10236
390373208,Professur für Development Economics,level2,Georg-August-Universität Göttingen,10236
111308327,Professur für Entwicklungsökonomik und Globale Politische Ökonomie,level2,Georg-August-Universität Göttingen,10236
343618992,Professur für Internationale Wirtschaftspolitik,level2,Georg-August-Universität Göttingen,10236
422872280,Professur für Internationale Ökonomik,level2,Georg-August-Universität Göttingen,10236
563242509,Professur für Wirtschaft und Politik Chinas,level2,Georg-August-Universität Göttingen,10236
499435784,Professur für Raumbezogene Datenanalyse und Statistische Lernverfahren,level1,Georg-August-Universität Göttingen,10236
395539238,Zentrale Kustodie,level0,Georg-August-Universität Göttingen,10236
175294170,Zentrum für Antike und Orient,level0,Georg-August-Universität Göttingen,10236
25942,Zentrum für Biodiversität und Nachhaltige Landnutzung,level0,Georg-August-Universität Göttingen,10236
971940,Zentrum für empirische Unterrichts- und Schulforschung (ZeUS),level0,Georg-August-Universität Göttingen,10236
536243900,Zentrum für Globale Migrationsstudien (CeMig),level0,Georg-August-Universität Göttingen,10236
470291467,Zentrum für Statistik,level0,Georg-August-Universität Göttingen,10236
444681565,ZESS - Zentrale Einrichtung für Sprachen und Schlüsselqualifikationen,level0,Georg-August-Universität Göttingen,10236
398377822,Braunschweig Integrated Centre of Systems Biology (BRICS),level0,Technische Universität Braunschweig,10240
13362,Carl-Friedrich-Gauß-Fakultät,level0,Technische Universität Braunschweig,10240
15670,Department für Sozialwissenschaften,level1,Technische Universität Braunschweig,10240
454794689,Institut für Internationale Beziehungen,level2,Technische Universität Braunschweig,10240
88246126,Lehrstuhl für Politikwissenschaft und Internationale Beziehungen,level3,Technische Universität Braunschweig,10240
257637788,Institut für Kommunikationswissenschaft,level2,Technische Universität Braunschweig,10240
257638301,Institut für Soziologie - Abteilung Arbeit und Organisation,level2,Technische Universität Braunschweig,10240
257638573,Institut für Soziologie - Abteilung Sozialstrukturanalyse & empirische Sozialforschung,level2,Technische Universität Braunschweig,10240
467165454,Institut für Vergleichende Regierungslehre und Politikfeldanalyse (CoPPP),level2,Technische Universität Braunschweig,10240
20688270,Department Informatik,level1,Technische Universität Braunschweig,10240
970900,Institut für Anwendungssicherheit,level2,Technische Universität Braunschweig,10240
15588,Institut für Betriebssysteme und Rechnerverbund,level2,Technische Universität Braunschweig,10240
257551404,Abteilung Algorithmik,level3,Technische Universität Braunschweig,10240
257549825,Abteilung Kommunikation und Multimedia,level3,Technische Universität Braunschweig,10240
257551747,Abteilung Verteilte Systeme,level3,Technische Universität Braunschweig,10240
25379,Institut für Computergraphik,level2,Technische Universität Braunschweig,10240
15590,Institut für Informationssysteme,level2,Technische Universität Braunschweig,10240
15591,Institut für Robotik und Prozessinformatik,level2,Technische Universität Braunschweig,10240
25719263,Institut für Softwaretechnik und Fahrzeuginformatik,level2,Technische Universität Braunschweig,10240
374073665,Institut für Systemsicherheit,level2,Technische Universität Braunschweig,10240
15593,Institut für Theoretische Informatik,level2,Technische Universität Braunschweig,10240
20693754,Abteilung Entwurf integrierter Systeme,level3,Technische Universität Braunschweig,10240
25373,Institut für Wissenschaftliches Rechnen,level2,Technische Universität Braunschweig,10240
25378,Peter L. Reichertz Institut für Medizinische Informatik,level2,Technische Universität Braunschweig,10240
20754074,Department Mathematik,level1,Technische Universität Braunschweig,10240
15587,Institut für Analysis und Algebra,level2,Technische Universität Braunschweig,10240
15592,Institut für Mathematische Optimierung,level2,Technische Universität Braunschweig,10240
25372,Institut für Mathematische Stochastik,level2,Technische Universität Braunschweig,10240
23397,Institut für Numerische Mathematik,level2,Technische Universität Braunschweig,10240
257597472,Institut für Partielle Differentialgleichungen,level2,Technische Universität Braunschweig,10240
593424047,Institut für Statistik und Grundlagen des Maschinellen Lernens,level2,Technische Universität Braunschweig,10240
15665,Department Wirtschaftswissenschaften,level1,Technische Universität Braunschweig,10240
257632163,Institut für Automobilwirtschaft und Industrielle Produktion,level2,Technische Universität Braunschweig,10240
257632933,Lehrstuhl für Dienstleistungsmanagement,level3,Technische Universität Braunschweig,10240
29059,Lehrstuhl für Produktion und Logistik,level3,Technische Universität Braunschweig,10240
88061938,Institut für Controlling und Unternehmensrechnung,level2,Technische Universität Braunschweig,10240
29058,Institut für Finanzwirtschaft,level2,Technische Universität Braunschweig,10240
20692420,Institut für Marketing,level2,Technische Universität Braunschweig,10240
257634197,Institut für Rechtswissenschaften,level2,Technische Universität Braunschweig,10240
257633771,Institut für Unternehmensführung,level2,Technische Universität Braunschweig,10240
21202,Institut für Volkswirtschaftslehre,level2,Technische Universität Braunschweig,10240
257617984,Institut für Wirtschaftsinformatik,level2,Technische Universität Braunschweig,10240
533085823,Abteilung Data-Driven Enterprise,level3,Technische Universität Braunschweig,10240
533056078,Abteilung Decision Support,level3,Technische Universität Braunschweig,10240
29060,Abteilung Entscheidungsunterstützung,level3,Technische Universität Braunschweig,10240
9032068,Abteilung Informationsmanagement,level3,Technische Universität Braunschweig,10240
321141885,Carolo-Wilhelmina-Forschungszentren,level0,Technische Universität Braunschweig,10240
321143620,Laboratory for Emerging Nanometrology (LENA),level1,Technische Universität Braunschweig,10240
321145027,Arbeitsgruppe Metrologie für funktionale Nanosysteme,level2,Technische Universität Braunschweig,10240
13364,"Fakultät Architektur, Bauingenieurwesen und Umweltwissenschaften",level0,Technische Universität Braunschweig,10240
278874405,Bet Tfila - Forschungsstelle für jüdische Architektur in Europa,level1,Technische Universität Braunschweig,10240
13365,Department Architektur,level1,Technische Universität Braunschweig,10240
25594,Institut für Architekturbezogene Kunst,level2,Technische Universität Braunschweig,10240
15612,Institut für Baugeschichte,level2,Technische Universität Braunschweig,10240
15619,Institut für Bauklimatik und Energie der Architektur,level2,Technische Universität Braunschweig,10240
25598,Institut für Baukonstruktion,level2,Technische Universität Braunschweig,10240
15613,Institut für Entwerfen und Baugestaltung,level2,Technische Universität Braunschweig,10240
257641223,Institut für Entwerfen und Gebäudelehre,level2,Technische Universität Braunschweig,10240
15617,Institut für Entwerfen und Raumkompositionen,level2,Technische Universität Braunschweig,10240
257641303,Institut für Experimentelles Entwerfen,level2,Technische Universität Braunschweig,10240
25595,Institut für Geschichte und Theorie der Architektur und Stadt,level2,Technische Universität Braunschweig,10240
15611,Institut für Gestaltungsmethodik und Darstellung (IMDR),level2,Technische Universität Braunschweig,10240
15614,"Institut für Konstruktives Entwerfen, Industrie- und Gesundheitsbau",level2,Technische Universität Braunschweig,10240
9315124,Institut für Landschaftsarchitektur,level2,Technische Universität Braunschweig,10240
15618,Institut für Städtebau und Entwurfsmethodik,level2,Technische Universität Braunschweig,10240
15620,Institut für Tragwerksentwurf,level2,Technische Universität Braunschweig,10240
257641916,Institute for Sustainable Urbanism,level2,Technische Universität Braunschweig,10240
13366,Department Bauingenieurwesen und Umweltwissenschaften,level1,Technische Universität Braunschweig,10240
15621,Institut für Angewandte Mechanik,level2,Technische Universität Braunschweig,10240
15622,Institut für Baukonstruktion und Holzbau,level2,Technische Universität Braunschweig,10240
15623,"Institut für Baustoffe, Massivbau und Brandschutz",level2,Technische Universität Braunschweig,10240
25943,Fachgebiet Baustoffe,level3,Technische Universität Braunschweig,10240
20747000,Fachgebiet Brandschutz,level3,Technische Universität Braunschweig,10240
20716686,Fachgebiet Massivbau,level3,Technische Universität Braunschweig,10240
20724852,Fachgebiet Organische Baustoffe und Holzwerkstoffe,level3,Technische Universität Braunschweig,10240
15624,Institut für Bauwirtschaft und Baubetrieb,level2,Technische Universität Braunschweig,10240
15631,Institut für Eisenbahnwesen und Verkehrssicherung,level2,Technische Universität Braunschweig,10240
15632,Institut für Geodäsie und Photogrammetrie,level2,Technische Universität Braunschweig,10240
15625,Institut für Geomechanik und Geotechnik,level2,Technische Universität Braunschweig,10240
15596,Institut für Geosysteme und Bioindikation,level2,Technische Universität Braunschweig,10240
15594,Institut für Geoökologie,level2,Technische Universität Braunschweig,10240
257679769,Abteilung Bodenkunde und Bodenphysik,level3,Technische Universität Braunschweig,10240
248710712,Abteilung Geochemie,level3,Technische Universität Braunschweig,10240
257679908,Abteilung Klimatologie und Umweltmeteorologie,level3,Technische Universität Braunschweig,10240
252142531,Abteilung Umweltsystemanalyse,level3,Technische Universität Braunschweig,10240
25974,Institut für Rechnergestützte Modellierung im Bauingenieurwesen,level2,Technische Universität Braunschweig,10240
15626,Institut für Siedlungswasserwirtschaft,level2,Technische Universität Braunschweig,10240
15628,Institut für Stahlbau,level2,Technische Universität Braunschweig,10240
972046,Sektion für Bauwerkserhaltung und Tragwerk,level3,Technische Universität Braunschweig,10240
15629,Institut für Statik und Dynamik,level2,Technische Universität Braunschweig,10240
15630,Institut für Straßenwesen,level2,Technische Universität Braunschweig,10240
15627,Institut für Verkehr und Stadtbauwesen,level2,Technische Universität Braunschweig,10240
257682837,"Institut für Verkehrswesen, Eisenbahnbau und -betrieb",level2,Technische Universität Braunschweig,10240
15633,Leichtweiß-Institut für Wasserbau,level2,Technische Universität Braunschweig,10240
981087,Abteilung Abfall- und Ressourcenwirtschaft,level3,Technische Universität Braunschweig,10240
109075567,"Abteilung Hydrologie, Wasserwirtschaft und Gewässerschutz",level3,Technische Universität Braunschweig,10240
20759158,Abteilung Hydromechanik und Küsteningenieurwesen,level3,Technische Universität Braunschweig,10240
109055920,Abteilung Wasserbau,level3,Technische Universität Braunschweig,10240
29090,Studiengang Computational Sciences in Engineering,level2,Technische Universität Braunschweig,10240
589217653,Institut für Planung des öffentlichen Verkehrs,level1,Technische Universität Braunschweig,10240
533312263,Juniorprofessur Gender.ING,level1,Technische Universität Braunschweig,10240
13368,"Fakultät für Elektrotechnik, Informationstechnik, Physik",level0,Technische Universität Braunschweig,10240
13363,Abteilung für Physik,level1,Technische Universität Braunschweig,10240
15600,Institut für Angewandte Physik,level2,Technische Universität Braunschweig,10240
15595,Institut für Geophysik und Extraterrestrische Physik,level2,Technische Universität Braunschweig,10240
15598,Institut für Mathematische Physik,level2,Technische Universität Braunschweig,10240
20845167,Institut für Physik der Kondensierten Materie,level2,Technische Universität Braunschweig,10240
15601,Institut für Theoretische Physik,level2,Technische Universität Braunschweig,10240
15663,Institut für CMOS Design,level1,Technische Universität Braunschweig,10240
25380,Institut für Datentechnik und Kommunikationsnetze,level1,Technische Universität Braunschweig,10240
15656,"Institut für Elektrische Maschinen, Antriebe und Bahnen",level1,Technische Universität Braunschweig,10240
15657,Institut für Elektrische Messtechnik und Grundlagen der Elektrotechnik,level1,Technische Universität Braunschweig,10240
29034,Institut für Elektromagnetische Verträglichkeit,level1,Technische Universität Braunschweig,10240
15659,Institut für Halbleitertechnik,level1,Technische Universität Braunschweig,10240
15660,Institut für Hochfrequenztechnik,level1,Technische Universität Braunschweig,10240
20747010,Abteilung Hochfrequenztechnik und Photonik,level2,Technische Universität Braunschweig,10240
15661,Institut für Hochspannungstechnik und Energiesysteme - elenia,level1,Technische Universität Braunschweig,10240
15662,Institut für Nachrichtentechnik,level1,Technische Universität Braunschweig,10240
257692122,Abteilung Elektronische Medien: Systemtheorie und Technik,level2,Technische Universität Braunschweig,10240
257692332,Abteilung Mobilfunksysteme,level2,Technische Universität Braunschweig,10240
257692538,Abteilung Signalverarbeitung für die Verkehrsinformationstechnik,level2,Technische Universität Braunschweig,10240
15664,Institut für Regelungstechnik,level1,Technische Universität Braunschweig,10240
13370,Fakultät für Geistes- und Erziehungswissenschaften,level0,Technische Universität Braunschweig,10240
29047,Institut für Anglistik und Amerikanistik,level1,Technische Universität Braunschweig,10240
981085,Abteilung Englische Sprache und ihre Didaktik,level2,Technische Universität Braunschweig,10240
257693391,Abteilung Englische Sprachwissenschaft,level2,Technische Universität Braunschweig,10240
257693208,Abteilung Literatur- und Kulturwissenschaften,level2,Technische Universität Braunschweig,10240
29053,Institut für Didaktik der Mathematik und Elementarmathematik,level1,Technische Universität Braunschweig,10240
36043083,Institut für Erziehungswissenschaften,level1,Technische Universität Braunschweig,10240
15671,Abteilung Allgemeine Pädagogik,level2,Technische Universität Braunschweig,10240
587738158,Abteilung Außerschulische Bildungsforschung,level2,Technische Universität Braunschweig,10240
29042,Abteilung Schulpädagogik und Allgemeine Didaktik,level2,Technische Universität Braunschweig,10240
29041,Abteilung Weiterbildung und Medien,level2,Technische Universität Braunschweig,10240
29054,Institut für Fachdidaktik der Naturwissenschaften,level1,Technische Universität Braunschweig,10240
257695569,Abteilung Biologie und Biologiedidaktik,level2,Technische Universität Braunschweig,10240
257695736,Abteilung Chemie und Chemiedidaktik,level2,Technische Universität Braunschweig,10240
257692778,Abteilung Physik und Physikdidaktik,level2,Technische Universität Braunschweig,10240
29052,Abteilung Sachunterricht und seine Didaktik,level2,Technische Universität Braunschweig,10240
15672,Institut für Germanistik,level1,Technische Universität Braunschweig,10240
257696326,Abteilung Didaktik der deutschen Sprache und Literatur,level2,Technische Universität Braunschweig,10240
29044,Abteilung Linguistik und Mediävistik,level2,Technische Universität Braunschweig,10240
257696218,Abteilung Neuere deutsche Literatur,level2,Technische Universität Braunschweig,10240
29049,Institut für Geschichtswissenschaft,level1,Technische Universität Braunschweig,10240
257693803,Abteilung Alte und Mittelalterliche Geschichte,level2,Technische Universität Braunschweig,10240
257694359,Abteilung Geschichte und Geschichtsdidaktik,level2,Technische Universität Braunschweig,10240
406251580,Abteilung Neuere Geschichte,level2,Technische Universität Braunschweig,10240
257694168,Abteilung Wissenschafts- u Technikgeschichte,level2,Technische Universität Braunschweig,10240
29055,Institut für Musik und ihre Vermittlung,level1,Technische Universität Braunschweig,10240
29043,Institut für Pädagogische Psychologie,level1,Technische Universität Braunschweig,10240
15674,Institut für Sportwissenschaft und Sportpädagogik,level1,Technische Universität Braunschweig,10240
15673,Seminar für Evangelische Theologie und Religionspädagogik,level1,Technische Universität Braunschweig,10240
15668,Seminar für Philosophie,level1,Technische Universität Braunschweig,10240
13372,Fakultät für Lebenswissenschaften,level0,Technische Universität Braunschweig,10240
277317422,Biologie/Biotechnologie,level1,Technische Universität Braunschweig,10240
20514,"Institut für Biochemie, Biotechnologie und Bioinformatik",level2,Technische Universität Braunschweig,10240
257741564,Abteilung Biotechnologie,level3,Technische Universität Braunschweig,10240
53121089,Abteilung für Bioinformatik und Biochemie,level3,Technische Universität Braunschweig,10240
25550,Abteilung Zell- und Molekularbiologie,level3,Technische Universität Braunschweig,10240
20515,Institut für Genetik,level2,Technische Universität Braunschweig,10240
257781235,Arbeitsgruppe Entwicklungsgenetik,level3,Technische Universität Braunschweig,10240
257781466,Arbeitsgruppe Hefegenetik,level3,Technische Universität Braunschweig,10240
257781391,Arbeitsgruppe Pflanzengenetik,level3,Technische Universität Braunschweig,10240
257781539,Arbeitsgruppe Pilzgenetik,level3,Technische Universität Braunschweig,10240
20516,Institut für Mikrobiologie,level2,Technische Universität Braunschweig,10240
257781721,Abteilung Allgemeine Mikrobiologie,level3,Technische Universität Braunschweig,10240
257781702,Abteilung Zelluläre Infektionsbiologie,level3,Technische Universität Braunschweig,10240
20513,Institut für Pflanzenbiologie,level2,Technische Universität Braunschweig,10240
20519,Institut für Zell- und Neurobiologie (IZN),level2,Technische Universität Braunschweig,10240
146909611,Abteilung Evolutionsbiologie,level3,Technische Universität Braunschweig,10240
277327927,Abteilung Zellphysiologie,level3,Technische Universität Braunschweig,10240
29828,Abteilung Zelluläre Neurobiologie,level3,Technische Universität Braunschweig,10240
254255596,Abteilung Zelluläre und Molekulare Neurobiologie,level3,Technische Universität Braunschweig,10240
20691434,Chemie/Lebensmittelchemie,level1,Technische Universität Braunschweig,10240
15603,Institut für Anorganische und Analytische Chemie,level2,Technische Universität Braunschweig,10240
15604,Institut für Lebensmittelchemie,level2,Technische Universität Braunschweig,10240
15605,Institut für Organische Chemie,level2,Technische Universität Braunschweig,10240
15608,Institut für Physikalische und Theoretische Chemie,level2,Technische Universität Braunschweig,10240
524167843,Abteilung Energy Conversion,level3,Technische Universität Braunschweig,10240
15609,Institut für Technische Chemie,level2,Technische Universität Braunschweig,10240
25394,Abteilung für Makromolekulare Stoffe,level3,Technische Universität Braunschweig,10240
29085,Abteilung für Reaktionstechnik,level3,Technische Universität Braunschweig,10240
15610,Abteilung für Technologie der Kohlenhydrate,level3,Technische Universität Braunschweig,10240
459865078,Arbeitsgruppe Technical Electrocatalysis,level3,Technische Universität Braunschweig,10240
25393,Institut für Ökologische und Nachhaltige Chemie,level2,Technische Universität Braunschweig,10240
20684370,Pharmazie,level1,Technische Universität Braunschweig,10240
21204,Abteilung für Geschichte der Naturwissenschaften mit Schwerpunkt Pharmaziegeschichte,level2,Technische Universität Braunschweig,10240
20517,Institut für Medizinische und Pharmazeutische Chemie,level2,Technische Universität Braunschweig,10240
15606,"Institut für Pharmakologie, Toxikologie und Klinische Pharmazie",level2,Technische Universität Braunschweig,10240
15602,Institut für Pharmazeutische Biologie,level2,Technische Universität Braunschweig,10240
15607,Institut für Pharmazeutische Technologie und Biopharmazie,level2,Technische Universität Braunschweig,10240
277318454,Psychologie,level1,Technische Universität Braunschweig,10240
20518,Institut für Psychologie,level2,Technische Universität Braunschweig,10240
231060243,"Abteilung Arbeits-, Organisations- und Sozialpsychologie",level3,Technische Universität Braunschweig,10240
20780292,"Abteilung Entwicklungs-, Persönlichkeits- und Forensische Psychologie",level3,Technische Universität Braunschweig,10240
20701358,"Abteilung für Klinische Psychologie, Psychotherapie und Diagnostik",level3,Technische Universität Braunschweig,10240
20693208,Abteilung für Psychologische Methodenlehre und Biopsychologie,level3,Technische Universität Braunschweig,10240
20720022,Abteilung Gerontopsychologie,level3,Technische Universität Braunschweig,10240
981003,Abteilung Ingenieur- und Verkehrspsychologie,level3,Technische Universität Braunschweig,10240
9317256,Zentrale Einrichtung Massenspektrometrie,level1,Technische Universität Braunschweig,10240
257784020,Zentrale Einrichtung Röntgenstrukturanalyse,level1,Technische Universität Braunschweig,10240
9314306,Zentrales NMR-Labor der Chemischen Institute,level1,Technische Universität Braunschweig,10240
13367,Fakultät für Maschinenbau,level0,Technische Universität Braunschweig,10240
332541909,Forschungsbereich Energie- und Verfahrenstechnik,level1,Technische Universität Braunschweig,10240
25548,Institut für Bioverfahrenstechnik,level2,Technische Universität Braunschweig,10240
578454196,Arbeitsgruppe Mechanochemie von Entzündungsprozessen,level3,Technische Universität Braunschweig,10240
15651,Institut für Chemische und Thermische Verfahrenstechnik,level2,Technische Universität Braunschweig,10240
15652,Institut für Energie- und Systemverfahrenstechnik,level2,Technische Universität Braunschweig,10240
15642,Institut für Partikeltechnik,level2,Technische Universität Braunschweig,10240
15649,Institut für Thermodynamik,level2,Technische Universität Braunschweig,10240
332560289,Forschungsbereich Kraftfahrzeugtechnik,level1,Technische Universität Braunschweig,10240
15636,Institut für Fahrzeugtechnik,level2,Technische Universität Braunschweig,10240
15639,Institut für Konstruktionstechnik,level2,Technische Universität Braunschweig,10240
15640,Institut für mobile Maschinen und Nutzfahrzeuge,level2,Technische Universität Braunschweig,10240
15650,Institut für Verbrennungskraftmaschinen,level2,Technische Universität Braunschweig,10240
15645,Institut für Verkehrssicherheit und Automatisierungstechnik,level2,Technische Universität Braunschweig,10240
332460087,Forschungsbereich Luft- und Raumfahrttechnik,level1,Technische Universität Braunschweig,10240
15655,Institut für Flugantriebe und Strömungsmaschinen (IFAS),level2,Technische Universität Braunschweig,10240
15637,Institut für Flugführung,level2,Technische Universität Braunschweig,10240
15638,Institut für Flugzeugbau und Leichtbau,level2,Technische Universität Braunschweig,10240
15644,Institut für Raumfahrtsysteme,level2,Technische Universität Braunschweig,10240
15647,Institut für Strömungsmechanik,level2,Technische Universität Braunschweig,10240
15653,Institut für Werkstoffe,level2,Technische Universität Braunschweig,10240
332561152,Forschungsbereich Produktions- und Systemtechnik,level1,Technische Universität Braunschweig,10240
15635,Institut für Fabrikbetriebslehre und Unternehmensforschung,level2,Technische Universität Braunschweig,10240
15646,Institut für Füge- und Schweißtechnik,level2,Technische Universität Braunschweig,10240
25997,Institut für Mikrotechnik,level2,Technische Universität Braunschweig,10240
15643,Institut für Oberflächentechnik,level2,Technische Universität Braunschweig,10240
25995,Institut für Produktionsmesstechnik,level2,Technische Universität Braunschweig,10240
15654,Institut für Werkzeugmaschinen und Fertigungstechnik,level2,Technische Universität Braunschweig,10240
437802198,Institut für Akustik und Dynamik,level1,Technische Universität Braunschweig,10240
533589504,Institut für Intermodale Transport- und Logistiksysteme,level1,Technische Universität Braunschweig,10240
460124409,Institut für Mechanik und Adaptronik,level1,Technische Universität Braunschweig,10240
204152308,Niedersächsisches Forschungszentrum Fahrzeugtechnik (NFF),level0,Technische Universität Braunschweig,10240
13361,Niedersächsisches Forschungszentrum für Luftfahrt (NFL),level0,Technische Universität Braunschweig,10240
13359,Universitätsbibliothek,level0,Technische Universität Braunschweig,10240
257784617,Zentrale Einrichtung Botanischer Garten,level0,Technische Universität Braunschweig,10240
9411464,Fachbereich Seefahrt und maritime Wissenschaften,level0,Hochschule Emden/Leer,980710
20749682,Fachbereich Soziale Arbeit und Gesundheit,level0,Hochschule Emden/Leer,980710
198144049,Institut für Sozial- und Gesundheitswissenschaften Emden (ISGE),level1,Hochschule Emden/Leer,980710
980854,Fachbereich Technik,level0,Hochschule Emden/Leer,980710
198125000,"Institut für Informatik, Automatisierungstechnik und Robotik (I²AR)",level1,Hochschule Emden/Leer,980710
198131513,Institut für Integrierte Produktentwicklung (IIP),level1,Hochschule Emden/Leer,980710
273437857,Institut für Laser und Optik,level1,Hochschule Emden/Leer,980710
198129095,Institut für Maschinen- und Anlagenbau (MABI),level1,Hochschule Emden/Leer,980710
198134421,Institut für Medien und Technik (IMuT),level1,Hochschule Emden/Leer,980710
198141174,Institut für Nachrichtentechnik / Kommunikationssysteme (INK),level1,Hochschule Emden/Leer,980710
198125563,Institut für Umwelttechnik - EUTEC,level1,Hochschule Emden/Leer,980710
424110600,Labor für Werkstoffkunde und Fügetechnik,level1,Hochschule Emden/Leer,980710
981191,Studiengang Biotechnologie/Bioinformatik,level1,Hochschule Emden/Leer,980710
981188,Studiengang Elektrotechnik,level1,Hochschule Emden/Leer,980710
498389363,Studiengang Wirtschaftsinformatik,level1,Hochschule Emden/Leer,980710
31538781,Fachbereich Wirtschaft,level0,Hochschule Emden/Leer,980710
9415769,Hochschulbibliothek,level0,Hochschule Emden/Leer,980710
204080446,Center for World Music (CWM),level0,Stiftung Universität Hildesheim,10235
971866,Centrum für Lehrerbildung und Bildungsforschung (CeLeB),level0,Stiftung Universität Hildesheim,10235
13892,Fachbereich I: Erziehungs- und Sozialwissenschaften,level0,Stiftung Universität Hildesheim,10235
17460,Institut für Erziehungswissenschaft,level1,Stiftung Universität Hildesheim,10235
161897849,Abteilung Allgemeine Erziehungswissenschaft,level2,Stiftung Universität Hildesheim,10235
17453,Abteilung Angewandte Erziehungswissenschaft,level2,Stiftung Universität Hildesheim,10235
17454,Institut für Evangelische Theologie,level1,Stiftung Universität Hildesheim,10235
17455,Institut für Geschichte,level1,Stiftung Universität Hildesheim,10235
17461,Institut für Grundschuldidaktik und Sachunterricht,level1,Stiftung Universität Hildesheim,10235
17456,Institut für Katholische Theologie,level1,Stiftung Universität Hildesheim,10235
17457,Institut für Psychologie,level1,Stiftung Universität Hildesheim,10235
518821701,"Arbeitsgruppe Sozial-, Organisations- und Wirtschaftspsychologie",level2,Stiftung Universität Hildesheim,10235
17458,Institut für Sozial- und Organisationspädagogik,level1,Stiftung Universität Hildesheim,10235
17451,Institut für Sozialwissenschaften,level1,Stiftung Universität Hildesheim,10235
17459,Institut für Sportwissenschaft,level1,Stiftung Universität Hildesheim,10235
13893,Fachbereich II: Kulturwissenschaften und Ästhetische Kommunikation,level0,Stiftung Universität Hildesheim,10235
17463,Institut für Bildende Kunst und Kunstwissenschaft,level1,Stiftung Universität Hildesheim,10235
17467,Institut für Kulturpolitik,level1,Stiftung Universität Hildesheim,10235
161895911,Institut für Literarisches Schreiben und Literaturwissenschaft,level1,Stiftung Universität Hildesheim,10235
17465,"Institut für Medien, Theater und Populäre Kultur",level1,Stiftung Universität Hildesheim,10235
17462,Abteilung Medien,level2,Stiftung Universität Hildesheim,10235
20698440,Abteilung Populäre Kultur,level2,Stiftung Universität Hildesheim,10235
161899820,Abteilung Theater,level2,Stiftung Universität Hildesheim,10235
17466,Institut für Musik und Musikwissenschaft,level1,Stiftung Universität Hildesheim,10235
17452,Institut für Philosophie,level1,Stiftung Universität Hildesheim,10235
13894,Fachbereich III: Sprach- und Informationswissenschaften,level0,Stiftung Universität Hildesheim,10235
17464,Institut für deutsche Sprache und Literatur,level1,Stiftung Universität Hildesheim,10235
161959822,Institut für englische Sprache und Literatur,level1,Stiftung Universität Hildesheim,10235
161977527,Institut für Informationswissenschaft und Sprachtechnologie,level1,Stiftung Universität Hildesheim,10235
161977669,Institut für Interkulturelle Kommunikation,level1,Stiftung Universität Hildesheim,10235
161977398,Institut für Übersetzungswissenschaft und Fachkommunikation,level1,Stiftung Universität Hildesheim,10235
161906970,"Fachbereich IV: Mathematik, Naturwissenschaften, Wirtschaft und Informatik",level0,Stiftung Universität Hildesheim,10235
17470,Institut für Betriebswirtschaft und Wirtschaftsinformatik,level1,Stiftung Universität Hildesheim,10235
17473,Institut für Biologie und Chemie,level1,Stiftung Universität Hildesheim,10235
527548272,Abteilung Biologie,level2,Stiftung Universität Hildesheim,10235
527549049,Arbeitsgruppe Vegetationsökologie und Naturschutz,level3,Stiftung Universität Hildesheim,10235
73111333,Institut für Geographie,level1,Stiftung Universität Hildesheim,10235
17469,Institut für Informatik,level1,Stiftung Universität Hildesheim,10235
466577238,Abteilung Data Science (DS),level2,Stiftung Universität Hildesheim,10235
570659670,Abteilung Engineering Interactive Applications,level2,Stiftung Universität Hildesheim,10235
495420338,Abteilung Medieninformatik,level2,Stiftung Universität Hildesheim,10235
557902024,Arbeitsgruppe Didaktik der Informatik,level2,Stiftung Universität Hildesheim,10235
111574722,Arbeitsgruppe Software Systems Engineering,level2,Stiftung Universität Hildesheim,10235
510067312,Arbeitsgruppe Theoretische Informatik,level2,Stiftung Universität Hildesheim,10235
111574903,Arbeitsgruppe Wirtschaftsinformatik und Maschinelles Lernen (ISMLL),level2,Stiftung Universität Hildesheim,10235
111574040,Bereich Intelligente Informationssysteme (IIS),level2,Stiftung Universität Hildesheim,10235
17471,"Institut für Mathematik, Mathematikdidaktik und Informatikdidaktik",level1,Stiftung Universität Hildesheim,10235
269613673,Abteilung für Algebra und Zahlentheorie,level2,Stiftung Universität Hildesheim,10235
269614681,Abteilung Mathematik 2,level2,Stiftung Universität Hildesheim,10235
161981424,Abteilung Mathematik Lehren und Lernen,level2,Stiftung Universität Hildesheim,10235
593446928,Arbeitsgruppe Mathematik 3: Statistik,level2,Stiftung Universität Hildesheim,10235
17472,Institut für Physik,level1,Stiftung Universität Hildesheim,10235
269621211,Institut für Technik,level1,Stiftung Universität Hildesheim,10235
13890,Universitätsbibliothek,level0,Stiftung Universität Hildesheim,10235
508846351,Zentrum für Geschlechterforschung,level0,Stiftung Universität Hildesheim,10235
13844,Anatomisches Institut,level0,Stiftung Tierärztliche Hochschule Hannover,10249
27411,Arbeitsgruppe Anatomie,level1,Stiftung Tierärztliche Hochschule Hannover,10249
27413,Arbeitsgruppe Funktionelle Anatomie,level1,Stiftung Tierärztliche Hochschule Hannover,10249
27414,Arbeitsgruppe Funktionelle Histologie und Zellbiologie,level1,Stiftung Tierärztliche Hochschule Hannover,10249
575145182,Arbeitsgruppe Vektor-assoziierte Biodiversität und Infektionen,level0,Stiftung Tierärztliche Hochschule Hannover,10249
70100189,Außenstelle für Epidemiologie,level0,Stiftung Tierärztliche Hochschule Hannover,10249
13849,Fachgebiet Allgemeine Radiologie und Medizinische Physik,level0,Stiftung Tierärztliche Hochschule Hannover,10249
27333,Gesellschaft für Innovative Veterinärdiagnostik (IVD GmbH),level0,Stiftung Tierärztliche Hochschule Hannover,10249
13845,Hochschulbibliothek,level0,Stiftung Tierärztliche Hochschule Hannover,10249
13854,Institut für Biochemie,level0,Stiftung Tierärztliche Hochschule Hannover,10249
27416,"Institut für Biometrie, Epidemiologie und Informationsverarbeitung",level0,Stiftung Tierärztliche Hochschule Hannover,10249
13869,Institut für Immunologie,level0,Stiftung Tierärztliche Hochschule Hannover,10249
9373962,Institut für Lebensmittelqualität und -sicherheit,level0,Stiftung Tierärztliche Hochschule Hannover,10249
20698,Institut für Lebensmitteltoxikologie und Chemische Analytik,level0,Stiftung Tierärztliche Hochschule Hannover,10249
13850,Institut für Mikrobiologie,level0,Stiftung Tierärztliche Hochschule Hannover,10249
13851,Institut für Parasitologie,level0,Stiftung Tierärztliche Hochschule Hannover,10249
13847,Abteilung Fischkrankheiten und Fischhaltung,level1,Stiftung Tierärztliche Hochschule Hannover,10249
13852,Institut für Pathologie,level0,Stiftung Tierärztliche Hochschule Hannover,10249
27461,Abteilung Diagnostik,level1,Stiftung Tierärztliche Hochschule Hannover,10249
13853,"Institut für Pharmakologie, Toxikologie und Pharmazie",level0,Stiftung Tierärztliche Hochschule Hannover,10249
13867,Institut für Physiologie und Zellbiologie,level0,Stiftung Tierärztliche Hochschule Hannover,10249
222743137,Arbeitsgruppe Zellbiologie,level1,Stiftung Tierärztliche Hochschule Hannover,10249
13860,Institut für Reproduktionsbiologie,level0,Stiftung Tierärztliche Hochschule Hannover,10249
70448400,Institut für Terrestrische und Aquatische Wildtierforschung,level0,Stiftung Tierärztliche Hochschule Hannover,10249
13855,Institut für Tierernährung,level0,Stiftung Tierärztliche Hochschule Hannover,10249
577363621,Institut für Tiergenomik,level0,Stiftung Tierärztliche Hochschule Hannover,10249
13856,"Institut für Tierhygiene, Tierschutz und Nutztierethologie",level0,Stiftung Tierärztliche Hochschule Hannover,10249
13857,Institut für Tierzucht und Vererbungsforschung,level0,Stiftung Tierärztliche Hochschule Hannover,10249
13846,Institut für Tierökologie,level0,Stiftung Tierärztliche Hochschule Hannover,10249
971568,Abteilung Ökologie und Evolution,level1,Stiftung Tierärztliche Hochschule Hannover,10249
13858,Institut für Virologie,level0,Stiftung Tierärztliche Hochschule Hannover,10249
27509,EU und OIE Referenzlabor für klassische Schweinepest,level1,Stiftung Tierärztliche Hochschule Hannover,10249
13859,Institut für Zoologie,level0,Stiftung Tierärztliche Hochschule Hannover,10249
972035,Arbeitsgruppe Neuroethologie und Auditorische Kommunikation bei Säugern,level1,Stiftung Tierärztliche Hochschule Hannover,10249
971586,Arbeitsgruppe Sinnesbiologie und Psychoakustik,level1,Stiftung Tierärztliche Hochschule Hannover,10249
971588,Arbeitsgruppe Verhaltens- und Evolutionsforschung,level1,Stiftung Tierärztliche Hochschule Hannover,10249
971571,Arbeitsgruppe Ökophysiologie und Chronobiologie,level1,Stiftung Tierärztliche Hochschule Hannover,10249
13862,Klinik für Geflügel,level0,Stiftung Tierärztliche Hochschule Hannover,10249
216094377,"Klinik für Heimtiere, Reptilien, Zier- und Wildvögel",level0,Stiftung Tierärztliche Hochschule Hannover,10249
13864,Klinik für kleine Klauentiere und Forensische Medizin und Ambulatorische Klinik,level0,Stiftung Tierärztliche Hochschule Hannover,10249
13863,Klinik für Kleintiere,level0,Stiftung Tierärztliche Hochschule Hannover,10249
13865,Klinik für Pferde,level0,Stiftung Tierärztliche Hochschule Hannover,10249
13866,Klinik für Rinder,level0,Stiftung Tierärztliche Hochschule Hannover,10249
20694762,Reproduktionsmedizinische Einheit der Kliniken,level0,Stiftung Tierärztliche Hochschule Hannover,10249
216070160,Research Center for Emerging Infections and Zoonoses (RIZ),level0,Stiftung Tierärztliche Hochschule Hannover,10249
530233010,Clausthal Executive School,level0,Technische Universität Clausthal,10242
548910329,Clausthaler Umwelttechnik Forschungszentrum (CUTEC),level0,Technische Universität Clausthal,10242
299422893,Clausthaler Zentrum für Materialtechnik (CZM),level0,Technische Universität Clausthal,10242
26192,Fakultät für Energie- und Wirtschaftswissenschaften,level0,Technische Universität Clausthal,10242
20111,"Institut für Aufbereitung, Deponietechnik und Geomechanik (IFAD)",level1,Technische Universität Clausthal,10242
26399,Lehrstuhl für Deponietechnik und Geomechanik,level2,Technische Universität Clausthal,10242
139533297,Lehrstuhl für Rohstoffaufbereitung und Recycling,level2,Technische Universität Clausthal,10242
553104932,"Institut für Aufbereitung, Recycling und Kreislaufwirtschaftssysteme",level1,Technische Universität Clausthal,10242
20112,Institut für Bergbau,level1,Technische Universität Clausthal,10242
20113,Institut für deutsches und internationales Berg- und Energierecht,level1,Technische Universität Clausthal,10242
15804,Institut für Elektrische Energietechnik und Energiesysteme,level1,Technische Universität Clausthal,10242
20118,Institut für Endlagerforschung,level1,Technische Universität Clausthal,10242
20758076,Abteiltung Hydrogeologie,level2,Technische Universität Clausthal,10242
224797778,Fachgebiet Lagerstätten und Rohstoffe,level2,Technische Universität Clausthal,10242
519464600,Lehrstuhl für Geomechanik und multiphysikalische Systeme,level2,Technische Universität Clausthal,10242
15803,Institut für Energieverfahrenstechnik und Brennstofftechnik,level1,Technische Universität Clausthal,10242
20115,Institut für Erdöl- und Erdgastechnik,level1,Technische Universität Clausthal,10242
244668900,Abteilung Bohr- und Produktionstechnik,level2,Technische Universität Clausthal,10242
244669345,Abteilung Gasversorgungssysteme,level2,Technische Universität Clausthal,10242
244669240,Abteilung Lagerstättentechnik,level2,Technische Universität Clausthal,10242
406078468,Deutsches Zentrum für Hochleistungsbohrtechnik und Automatisierung - Drilling Simulator Celle (DSC),level2,Technische Universität Clausthal,10242
20117,Institut für Geologie und Paläontologie,level1,Technische Universität Clausthal,10242
20707272,Abteilung Allgemeine Geologie und Sedimentologie,level2,Technische Universität Clausthal,10242
20686780,Abteilung Erdölgeologie,level2,Technische Universität Clausthal,10242
20721606,Abteilung Paläontologie,level2,Technische Universität Clausthal,10242
20110,Institut für Geophysik,level1,Technische Universität Clausthal,10242
20116,Institut für Wirtschaftswissenschaft,level1,Technische Universität Clausthal,10242
26403,Abteilung für BWL insb. Produktion und Logistik,level2,Technische Universität Clausthal,10242
20781656,Abteilung für BWL und Betriebliche Umweltökonomie,level2,Technische Universität Clausthal,10242
210420586,Abteilung für BWL und Marketing,level2,Technische Universität Clausthal,10242
20705108,Abteilung für BWL und Unternehmensforschung,level2,Technische Universität Clausthal,10242
20747948,Abteilung für BWL und Unternehmensführung,level2,Technische Universität Clausthal,10242
210420762,"Abteilung für BWL, insbes. Unternehmensrechnung",level2,Technische Universität Clausthal,10242
981023,Abteilung für Volkswirtschaftslehre,level2,Technische Universität Clausthal,10242
594453701,Institute of Geotechnology and Mineral Resources,level1,Technische Universität Clausthal,10242
20114,Department of Geo-Engineering,level2,Technische Universität Clausthal,10242
244673206,Abteilung Geotechnik,level3,Technische Universität Clausthal,10242
216087367,Abteilung Markscheiderische Geoinformation,level3,Technische Universität Clausthal,10242
451323924,Institute of Subsurface Energy Systems,level1,Technische Universität Clausthal,10242
451324164,Arbeitsgruppe Rock Mechanics,level2,Technische Universität Clausthal,10242
13425,Fakultät für Mathematik/Informatik und Maschinenbau,level0,Technische Universität Clausthal,10242
26497,Institut für Chemische und Elektrochemische Verfahrenstechnik,level1,Technische Universität Clausthal,10242
15805,Institut für Elektrische Informationstechnik,level1,Technische Universität Clausthal,10242
20104,Institut für Informatik,level1,Technische Universität Clausthal,10242
584288633,Abteilung Technische Informatik,level2,Technische Universität Clausthal,10242
512540116,Juniorprofessur für Grundlagen der Künstlichen Intelligenz und Algorithmik,level2,Technische Universität Clausthal,10242
15806,Institut für Maschinelle Anlagentechnik und Betriebsfestigkeit,level1,Technische Universität Clausthal,10242
15807,Institut für Maschinenwesen,level1,Technische Universität Clausthal,10242
20105,Institut für Mathematik,level1,Technische Universität Clausthal,10242
389683857,Arbeitsgruppe Angewandte Statistik,level2,Technische Universität Clausthal,10242
566261609,Arbeitsgruppe Numerische Analysis,level2,Technische Universität Clausthal,10242
508403449,Arbeitsgruppe Stochastische Modelle in den Ingenieurwissenschaften,level2,Technische Universität Clausthal,10242
21221,Institut für Mechanische Verfahrenstechnik,level1,Technische Universität Clausthal,10242
26501,Institut für Prozeß- und Produktionsleittechnik,level1,Technische Universität Clausthal,10242
26480,Institut für Schweißtechnik und Trennende Fertigungsverfahren,level1,Technische Universität Clausthal,10242
26488,"Abteilung Schweiß- und Beschichtungprozesse, Automatisierung und Fertigungssysteme",level2,Technische Universität Clausthal,10242
434603213,Institut für Software and Systems Engineering,level1,Technische Universität Clausthal,10242
15809,Institut für Technische Mechanik,level1,Technische Universität Clausthal,10242
15810,Institut für Thermische Verfahrens- und Prozesstechnik,level1,Technische Universität Clausthal,10242
15808,Institut für Tribologie und Energiewandlungsmaschinen,level1,Technische Universität Clausthal,10242
26189,Fakultät für Natur- und Materialwissenschaften,level0,Technische Universität Clausthal,10242
15801,Institut für Anorganische und Analytische Chemie,level1,Technische Universität Clausthal,10242
422367255,Arbeitsgruppe Materialanalytik und Funktionale Festkörper,level2,Technische Universität Clausthal,10242
236935570,Institut für Elektrochemie,level1,Technische Universität Clausthal,10242
20107,Institut für Energieforschung und Physikalische Technologien,level1,Technische Universität Clausthal,10242
198809501,Arbeitsbereich Sensorik von Hochtemperaturprozessen,level2,Technische Universität Clausthal,10242
428216390,Arbeitsgruppe Angewandte Photonik,level2,Technische Universität Clausthal,10242
219071860,Arbeitsgruppe Energiewandlung,level2,Technische Universität Clausthal,10242
20108,Institut für Metallurgie,level1,Technische Universität Clausthal,10242
981549,Abteilung Gießereitechnik,level2,Technische Universität Clausthal,10242
20109,Institut für Nichtmetallische Werkstoffe,level1,Technische Universität Clausthal,10242
21219,Institut für Organische Chemie,level1,Technische Universität Clausthal,10242
15802,Institut für Physikalische Chemie,level1,Technische Universität Clausthal,10242
26291,Institut für Polymerwerkstoffe und Kunststofftechnik,level1,Technische Universität Clausthal,10242
280524716,Forschungszentrum CFK Nord,level2,Technische Universität Clausthal,10242
21220,Institut für Technische Chemie,level1,Technische Universität Clausthal,10242
21218,Institut für Theoretische Physik,level1,Technische Universität Clausthal,10242
53182819,Abteilung Angewandte Theoretische Physik,level2,Technische Universität Clausthal,10242
26279,Abteilung Statistische Physik und Nichtlineare Dynamik,level2,Technische Universität Clausthal,10242
22817,Institut für Werkstoffkunde und Werkstofftechnik,level1,Technische Universität Clausthal,10242
19923065,"Abteilung Innere Reibung, weichmagnetische Werkstoffe und Nanoskalige Pulver",level2,Technische Universität Clausthal,10242
160878991,Forschungszentrum Energiespeichertechnologien (EST),level0,Technische Universität Clausthal,10242
26503,Geomuseum,level0,Technische Universität Clausthal,10242
46321861,LaserAnwendungsCentrum,level0,Technische Universität Clausthal,10242
13421,Universitätsbibliothek,level0,Technische Universität Clausthal,10242
980680,Standort Lingen,level0,Hochschule Osnabrück,10255
192681641,Department für Duale Studiengänge (DDS),level1,Hochschule Osnabrück,10255
981457,"Fakultät Management, Kultur und Technik",level1,Hochschule Osnabrück,10255
321544838,"Professur für Maschinenbau, insbesondere chemische Prozesstechnik",level2,Hochschule Osnabrück,10255
192683718,Institut für Kommunikationsmanagement,level1,Hochschule Osnabrück,10255
192683948,Institut für Theaterpädagogik,level1,Hochschule Osnabrück,10255
20762538,Standort Osnabrück,level0,Hochschule Osnabrück,10255
597215665,EU-Hochschulbüro,level1,Hochschule Osnabrück,10255
980679,Fakultät Agrarwissenschaften und Landschaftsarchitektur,level1,Hochschule Osnabrück,10255
456356620,Abteilung Stadtplanung und Planungsrecht,level2,Hochschule Osnabrück,10255
137747666,Bereich Pflanzenernährung und Pflanzenbau,level2,Hochschule Osnabrück,10255
255547406,Food Engineering - Lebensmitteltechnik,level2,Hochschule Osnabrück,10255
576385760,"Forschungsschwerpunkt Agrar- und Ernährungssysteme, Landschafts- und Stadtentwicklung",level2,Hochschule Osnabrück,10255
559977710,Schwerpunkt Precision Livestock Farming,level2,Hochschule Osnabrück,10255
981435,Fakultät Ingenieurwissenschaften und Informatik,level1,Hochschule Osnabrück,10255
555716183,Fachbereich Technische Produktentwicklung,level2,Hochschule Osnabrück,10255
523062028,Labor Digitale Medien,level2,Hochschule Osnabrück,10255
200235432,Labor für Angewandte Thermodynamik,level2,Hochschule Osnabrück,10255
320912504,Labor für anorganische und analytische Chemie,level2,Hochschule Osnabrück,10255
277048751,Labor für Digital- und Mikroprozessortechnik,level2,Hochschule Osnabrück,10255
434603553,Labor für Fertigungsmesstechnik und Technisches Management,level2,Hochschule Osnabrück,10255
282813810,Labor für Mikro- und Optoelektronik,level2,Hochschule Osnabrück,10255
544365217,Labor für Nachhaltige Energietechnik,level2,Hochschule Osnabrück,10255
516834194,Labor für Umformtechnik und Werkzeugmaschinen,level2,Hochschule Osnabrück,10255
286186156,Labor für Verfahrenstechnik,level2,Hochschule Osnabrück,10255
201630570,Laborbereich Fahrzeugtechnik,level2,Hochschule Osnabrück,10255
439317786,Laborbereich Kunststofftechnik,level2,Hochschule Osnabrück,10255
439317984,Labor für Kunststoff-CAE,level3,Hochschule Osnabrück,10255
271689052,Laborbereich Materialdesign und Werkstoffzuverlässigkeit,level2,Hochschule Osnabrück,10255
290111695,Medienlabor,level2,Hochschule Osnabrück,10255
554354227,Professur Konstruktion/CAD und Maschinenelemente,level2,Hochschule Osnabrück,10255
9215871,Studiengang Maschinenbau,level2,Hochschule Osnabrück,10255
14699,Fakultät Wirtschafts- und Sozialwissenschaften,level1,Hochschule Osnabrück,10255
257634869,Institut für angewandte Physiotherapie und Osteopathie,level2,Hochschule Osnabrück,10255
329152841,Forschungszentrum Energiewirtschaft Energierecht (FEE),level1,Hochschule Osnabrück,10255
192680972,Institut für Musik,level1,Hochschule Osnabrück,10255
397701169,Kompetenzzentrum Globale Kompetenz,level1,Hochschule Osnabrück,10255
557734707,Institut für Designforschung (IDF),level0,Hochschule für Bildende Künste Braunschweig,10251
165830736,Institut für Kunstwissenschaft (IKW),level0,Hochschule für Bildende Künste Braunschweig,10251
22444686,Institut für Medienwissenschaft (IMW),level0,Hochschule für Bildende Künste Braunschweig,10251
557735022,"Institut Performative Praxis, Kunst und Bildung (IPKB)",level0,Hochschule für Bildende Künste Braunschweig,10251
980619,Bibliothek,level0,Universität Vechta,10597
582418734,"Bildung, Erziehung, Gesellschaft: Vechta-Institut für Inklusion (BERGVINK)",level0,Universität Vechta,10597
283835929,Fakultät I,level0,Universität Vechta,10597
971791,Fach Erziehungswissenschaften,level1,Universität Vechta,10597
283837355,Fach Gerontologie,level1,Universität Vechta,10597
66516053,Fachgebiet Altern und Gesellschaft,level2,Universität Vechta,10597
380074366,Fachgebiet Organisationelle Gerontologie,level2,Universität Vechta,10597
398660353,Fachgebiet Psychologische Gerontologie,level2,Universität Vechta,10597
355886592,Fach Management sozialer Dienstleistungen,level1,Universität Vechta,10597
53940240,Fach Soziale Arbeit,level1,Universität Vechta,10597
320266751,Arbeitsbereich Sozialpädagogische Familienwissenschaften,level2,Universität Vechta,10597
20723160,Fach Soziologie,level1,Universität Vechta,10597
396187784,"Fach Sustainability, Entrepreneurship and Innovation",level1,Universität Vechta,10597
265842468,Lehr- und Forschungseinheit Pädagogische Psychologie,level1,Universität Vechta,10597
265843811,Zentrum für Vertrauensforschung,level2,Universität Vechta,10597
283835128,Fakultät II,level0,Universität Vechta,10597
409605524,Fach Anglistik,level1,Universität Vechta,10597
200189042,Fach Biologie,level1,Universität Vechta,10597
386984979,Fach Designpädagogik,level1,Universität Vechta,10597
981190,Fach Geographie,level1,Universität Vechta,10597
315296135,Professur für Angewandte Physische Geographie,level2,Universität Vechta,10597
283839841,Fach Germanistik,level1,Universität Vechta,10597
394510015,Fach Geschichtswissenschaft,level1,Universität Vechta,10597
71247735,Fach Katholische Theologie,level1,Universität Vechta,10597
13840178,Lehrstuhl für Praktische Theologie: Religionspädagogik und Pastoraltheologie,level2,Universität Vechta,10597
23717,Fach Kulturwissenschaften,level1,Universität Vechta,10597
980773,Fach Mathematik,level1,Universität Vechta,10597
582299501,Fach Musik,level1,Universität Vechta,10597
582299564,Fach Philosophie,level1,Universität Vechta,10597
582299646,Fach Politikwissenschaft,level1,Universität Vechta,10597
468332996,Fach Sachunterricht,level1,Universität Vechta,10597
468334301,Professur Didaktik des Sachunterrichts,level2,Universität Vechta,10597
582299680,Fach Sportwissenschaft,level1,Universität Vechta,10597
517527829,Vechta Institute of Sustainability Transformation in Rural Areas (VISTRA),level0,Universität Vechta,10597
283845557,Zentrum für Lehrer*innenbildung,level0,Universität Vechta,10597
266759884,DFG-Kollegforschergruppe Medienkulturen der Computersimulation (mecs),level0,Leuphana Universität Lüneburg,10232
14081,Fakultät Bildung,level0,Leuphana Universität Lüneburg,10232
196621927,Arbeitseinheit Wirtschaftspädagogik,level1,Leuphana Universität Lüneburg,10232
26587,"Institut für Bewegung, Sport und Gesundheit (IBSG)",level1,Leuphana Universität Lüneburg,10232
18600,Institut für Bildungswissenschaft (IBIWI),level1,Leuphana Universität Lüneburg,10232
20721520,Professur für Allgemeine Erziehungswissenschaften,level2,Leuphana Universität Lüneburg,10232
535290579,"Professur für Bildungswissenschaft, insbesondere Bildungsmanagement und Qualitätsentwicklung",level2,Leuphana Universität Lüneburg,10232
253256073,Professur für Empirische Grundschulpädagogik mit dem SP Genderforschung,level2,Leuphana Universität Lüneburg,10232
20748458,"Professur für Erziehungswissenschaft, insbes. empirische Bildungsforschung",level2,Leuphana Universität Lüneburg,10232
26565,Institut für Deutsche Sprache und Literatur und ihre Didaktik,level1,Leuphana Universität Lüneburg,10232
563679669,Juniorprofessur für Angewandte Linguistik,level2,Leuphana Universität Lüneburg,10232
253256240,Professur für Deutsche Literaturwissenschaft,level2,Leuphana Universität Lüneburg,10232
253256340,Professur für Deutsche Sprache und ihre Didaktik,level2,Leuphana Universität Lüneburg,10232
253256224,Professur für Didaktik der deutschen Sprache,level2,Leuphana Universität Lüneburg,10232
18596,Institut für Ethik und Theologie (IET),level1,Leuphana Universität Lüneburg,10232
253274480,Professur für Biblische Theologie und Didaktik,level2,Leuphana Universität Lüneburg,10232
253275013,Professur für Systematische Theologie und Religionsphilosophie,level2,Leuphana Universität Lüneburg,10232
18263,"Institut für Kunst, Musik und ihre Vermittlung (IKMV)",level1,Leuphana Universität Lüneburg,10232
253256972,Professur für Kunst und ihre Didaktik,level2,Leuphana Universität Lüneburg,10232
253257104,Professur für Musikdidaktik mit dem Schwerpunkt Popularmusik,level2,Leuphana Universität Lüneburg,10232
253257006,Professur für Ästhetische Bildung,level2,Leuphana Universität Lüneburg,10232
18601,Institut für Mathematik und ihre Didaktik (IMD),level1,Leuphana Universität Lüneburg,10232
253257344,Professor für Empirische Bildungsforschung in der Didaktik der Mathematik,level2,Leuphana Universität Lüneburg,10232
253257372,Professur für Mathematik und ihre Didaktik,level2,Leuphana Universität Lüneburg,10232
18602,Institut für Psychologie (IFP),level1,Leuphana Universität Lüneburg,10232
253260051,Professur für Differentielle Psychologie und Psychologische Diagnostik,level2,Leuphana Universität Lüneburg,10232
253262810,Professur für Entwicklungspsychologie,level2,Leuphana Universität Lüneburg,10232
253262975,Professur für Sozial- und Organisationspsychologie,level2,Leuphana Universität Lüneburg,10232
18599,Institut für Sozialarbeit und Sozialpädagogik (IFSP),level1,Leuphana Universität Lüneburg,10232
253264687,"Professur für Sozialpädagogik, insb. Genderforschung, Jugendhilfe und Inklusion",level2,Leuphana Universität Lüneburg,10232
546772281,Institute for Sustainability Education and Psychology (ISEP),level1,Leuphana Universität Lüneburg,10232
572515174,Abteilung für Kollektives Handeln für Nachhaltigkeit,level2,Leuphana Universität Lüneburg,10232
546772407,Arbeitsgruppe Psychologie und Nachhaltigkeit,level2,Leuphana Universität Lüneburg,10232
26723,Institute of English Studies (IES),level1,Leuphana Universität Lüneburg,10232
253256447,Professur für die Didaktik des Englischen,level2,Leuphana Universität Lüneburg,10232
253256430,Professur für Englische Literaturwissenschaft,level2,Leuphana Universität Lüneburg,10232
253256409,Professur für Englische Sprachwissenschaft,level2,Leuphana Universität Lüneburg,10232
20700934,Fakultät Kulturwissenschaften,level0,Leuphana Universität Lüneburg,10232
253276521,Institut für Geschichtswissenschaft und Literarische Kulturen,level1,Leuphana Universität Lüneburg,10232
253278046,Professur für Geschichtswissenschaft,level2,Leuphana Universität Lüneburg,10232
253279740,Professur für Neuere Deutsche Literaturwissenschaft und Literarische Kulturen,level2,Leuphana Universität Lüneburg,10232
196597036,Institut für Kultur und Ästhetik Digitaler Medien,level1,Leuphana Universität Lüneburg,10232
253283354,Professur für digitale Medien und Kulturinformatik,level2,Leuphana Universität Lüneburg,10232
253282688,Professur für Kommunikationswissenschaft und Medienkultur,level2,Leuphana Universität Lüneburg,10232
253283208,Professur für Medientheorie und Mediengeschichte,level2,Leuphana Universität Lüneburg,10232
241957325,Institut für Philosophie und Kunstwissenschaft (IPK),level1,Leuphana Universität Lüneburg,10232
253284247,Abteilung  Kunstwissenschaft,level2,Leuphana Universität Lüneburg,10232
20725752,Abteilung Philosophie,level2,Leuphana Universität Lüneburg,10232
18251,Institut für Soziologie und Kulturorganisation (ISKO),level1,Leuphana Universität Lüneburg,10232
253309259,Professur für Kultursoziologie,level2,Leuphana Universität Lüneburg,10232
253291466,Professur für Soziologie der Künste,level2,Leuphana Universität Lüneburg,10232
253283039,Professur für Soziologie der Organisation und der Kultur,level2,Leuphana Universität Lüneburg,10232
105369082,Institut für Stadt- und Kulturraumforschung (IFSK),level1,Leuphana Universität Lüneburg,10232
96765322,Abteilung Kulturgeografie,level2,Leuphana Universität Lüneburg,10232
253309686,Professur für Architektur und digitale Kultur,level2,Leuphana Universität Lüneburg,10232
14079,Fakultät Management und Technologie,level0,Leuphana Universität Lüneburg,10232
516509981,Institut Auditing and Tax,level1,Leuphana Universität Lüneburg,10232
253367252,"Professur für BWL, insbesondere Rechnungswesen",level2,Leuphana Universität Lüneburg,10232
253373493,"Professur für Rechnungs-, Prüfungs- und Steuerwesen",level2,Leuphana Universität Lüneburg,10232
173421967,"Institut für Bank-, Finanz- und Gründungsmanagement",level1,Leuphana Universität Lüneburg,10232
253351920,"Professur für Betriebswirtschaftslehre, insbesondere Bank- und Finanzwirtschaft",level2,Leuphana Universität Lüneburg,10232
253475360,"Professur für BWL, insbesondere Existenzgründung",level2,Leuphana Universität Lüneburg,10232
253512449,Professur für Finanzierung und Finanzwirtschaft,level2,Leuphana Universität Lüneburg,10232
69978065,Institut für Experimentelle Wirtschaftspsychologie (Luenelab),level1,Leuphana Universität Lüneburg,10232
253428124,Professur für Psychologische Entscheidungsforschung und Methoden,level2,Leuphana Universität Lüneburg,10232
253428563,"Professur für Unternehmensführung, Strategie und Organisation",level2,Leuphana Universität Lüneburg,10232
253426859,"Professur für Wirtschaftspsychologie, insbesondere Arbeits- und Ingenieurspsychologie",level2,Leuphana Universität Lüneburg,10232
253427722,"Professur für Wirtschaftspsychologie, insbesondere Arbeits-, Umwelt- und Wahrnehmungspsychologie",level2,Leuphana Universität Lüneburg,10232
253427483,"Professur für Wirtschaftspsychologie, insbesondere Methodenlehre und Marktpsychologie",level2,Leuphana Universität Lüneburg,10232
253427178,"Professur für Wirtschaftspsychologie, insbesondere Tourismuswirtschaft und -psychologie",level2,Leuphana Universität Lüneburg,10232
172826277,Institut für Management und Organisation (IMO),level1,Leuphana Universität Lüneburg,10232
20748276,"Professur für BWL, insbesondere Kommunikations- und Kulturmanagement",level2,Leuphana Universität Lüneburg,10232
253456782,"Professur für BWL, insbesondere Personalmanagement und Führung",level2,Leuphana Universität Lüneburg,10232
253474743,"Professur für BWL, insbesondere Strategisches Management",level2,Leuphana Universität Lüneburg,10232
253456461,Professur für Differentielle Psychologie und Eignungsdiagnostik,level2,Leuphana Universität Lüneburg,10232
253476544,Professur für Innovation Management,level2,Leuphana Universität Lüneburg,10232
253457300,"Professur für Psychologie, Innovation und  Entrepreneurship",level2,Leuphana Universität Lüneburg,10232
20729658,Institut für Marketing (IFM),level1,Leuphana Universität Lüneburg,10232
253429271,"Professur für BWL, insbesondere Marketing",level2,Leuphana Universität Lüneburg,10232
65185695,Institut für Performance Management (IPM),level1,Leuphana Universität Lüneburg,10232
253430236,Professur für Personal- und Organisationspsychologie,level2,Leuphana Universität Lüneburg,10232
980828,Institut für Produktionstechnik und -systeme (IPTS),level1,Leuphana Universität Lüneburg,10232
253432224,Professur für Produktionsmanagement,level2,Leuphana Universität Lüneburg,10232
253431369,Professur für Prozessmesstechnik und intelligente Systeme,level2,Leuphana Universität Lüneburg,10232
253431493,Professur für Regelungs- und Antriebstechnik,level2,Leuphana Universität Lüneburg,10232
253432057,Professur für Werkzeugmaschinen und Handhabungssysteme,level2,Leuphana Universität Lüneburg,10232
980827,Institut für Wirtschaftsinformatik (IIS),level1,Leuphana Universität Lüneburg,10232
575500733,Forschungsgruppe Künstliche Intelligenz und Erklärbarkeit (AIX),level2,Leuphana Universität Lüneburg,10232
253426666,"Professur für Wirtschaftsinformatik, insbesondere betriebliche Anwendungssysteme",level2,Leuphana Universität Lüneburg,10232
253426502,"Professur für Wirtschaftsinformatik, insbesondere E-Business",level2,Leuphana Universität Lüneburg,10232
253426583,"Professur für Wirtschaftsinformatik, insbesondere E-Business und Wissensmanagement",level2,Leuphana Universität Lüneburg,10232
253347796,"Professur für Wirtschaftsinformatik, insbesondere Quantitative Methoden und Softwareentwicklung",level2,Leuphana Universität Lüneburg,10232
196605451,Institut für Wissens- und Informationsmanagement (IWI),level1,Leuphana Universität Lüneburg,10232
253517988,Professur für Informationstechnik/Informationssysteme,level2,Leuphana Universität Lüneburg,10232
253514125,Professur für Wirtschaftsinformatik,level2,Leuphana Universität Lüneburg,10232
25002770,Fakultät Nachhaltigkeit,level0,Leuphana Universität Lüneburg,10232
173985021,Centre for Sustainability Management (CSM),level1,Leuphana Universität Lüneburg,10232
26608,Professur für Nachhaltigkeitsmanagement,level2,Leuphana Universität Lüneburg,10232
592900761,Professur für Nachhaltigkeitsökonomie und -management,level2,Leuphana Universität Lüneburg,10232
207170580,Institut für Ethik und transdisziplinäre Nachhaltigkeitsforschung (IETSR),level1,Leuphana Universität Lüneburg,10232
253310547,Professur für Ethik mit Schwerpunkt Nachhaltigkeit und nachhaltiges Wirtschaften,level2,Leuphana Universität Lüneburg,10232
253310690,Professur für Strafrecht und Soziale Nachhaltigkeit,level2,Leuphana Universität Lüneburg,10232
253310304,Professur für transdisziplinäre Nachhaltigkeitsforschung,level2,Leuphana Universität Lüneburg,10232
26621,Institut für integrative Studien (infis),level1,Leuphana Universität Lüneburg,10232
253256523,Professur für Sachunterricht und Bildung für eine nachhaltige Entwicklung,level2,Leuphana Universität Lüneburg,10232
204389076,Institut für Nachhaltige Chemie und Umweltchemie (INUC),level1,Leuphana Universität Lüneburg,10232
253345926,Professur Didaktik der Naturwissenschaften,level2,Leuphana Universität Lüneburg,10232
26718,Professur für Nachhaltige Chemie und Stoffliche Ressourcen,level2,Leuphana Universität Lüneburg,10232
253345768,Professur für Nachhaltigkeitsforschung Energie,level2,Leuphana Universität Lüneburg,10232
253345653,"Professur für Wasserversorgung, Stauanlagen und Wasserkraftanlagen",level2,Leuphana Universität Lüneburg,10232
34753020,Institut für Nachhaltigkeitssteuerung (INSUGO),level1,Leuphana Universität Lüneburg,10232
253312573,Professur für Nachhaltigkeit und Politik,level2,Leuphana Universität Lüneburg,10232
253312703,Professur für Umweltplanung,level2,Leuphana Universität Lüneburg,10232
253312395,Professur für Wasserbau,level2,Leuphana Universität Lüneburg,10232
253312820,"Professur für Öffentliches Recht, insbesondere Energie- und Umweltrecht",level2,Leuphana Universität Lüneburg,10232
14084,Institut für Umweltkommunikation (INFU),level1,Leuphana Universität Lüneburg,10232
253312137,Professur für Governance und Nachhaltigkeit,level2,Leuphana Universität Lüneburg,10232
253312004,Professur für Neue Medien und Umweltinformatik,level2,Leuphana Universität Lüneburg,10232
253311523,"Professur für Rechnernetze, Datenbanken und Grundlagen der Informatik",level2,Leuphana Universität Lüneburg,10232
253311217,Professur für Softwaretechnik und IT-Projektmanagement,level2,Leuphana Universität Lüneburg,10232
26592,Institut für Ökologie (IE),level1,Leuphana Universität Lüneburg,10232
253320247,Professur für Landschaftsökologie und Naturschutz,level2,Leuphana Universität Lüneburg,10232
253333614,Professur für nachhaltige Landnutzung,level2,Leuphana Universität Lüneburg,10232
26715,Professur für Tierökologie,level2,Leuphana Universität Lüneburg,10232
253335355,"Professur für Ökologie, insbesondere Landschaftswandel",level2,Leuphana Universität Lüneburg,10232
408333483,Robert Bosch Junior Professur für die nachhaltige Nutzung natürlicher Ressourcen,level2,Leuphana Universität Lüneburg,10232
578890027,Institute of Sustainability Psychology (ISP),level1,Leuphana Universität Lüneburg,10232
575298237,Professur für Nachhaltigkeitsforschung,level1,Leuphana Universität Lüneburg,10232
553297986,Social-Ecological Systems Institute (SESI),level1,Leuphana Universität Lüneburg,10232
553313322,Internationale nachhaltige Entwicklung und Planung,level2,Leuphana Universität Lüneburg,10232
516506770,Fakultät Staatswissenschaften,level0,Leuphana Universität Lüneburg,10232
241270042,Competition and Regulation Institute (CRI),level1,Leuphana Universität Lüneburg,10232
253346836,"Professur für Öffentliches Recht, Europa- und Völkerrecht, Kartell- und Regulierungsrecht",level2,Leuphana Universität Lüneburg,10232
69487674,Institut für Politikwissenschaft (IPW),level1,Leuphana Universität Lüneburg,10232
253309011,Professur für Politische Kulturforschung,level2,Leuphana Universität Lüneburg,10232
253308762,Professur für Politische Theorie und Politikfeldanalyse,level2,Leuphana Universität Lüneburg,10232
253292939,Professur für Vergleichende Politikwissenschaft,level2,Leuphana Universität Lüneburg,10232
18252,Institut für Volkswirtschaftslehre (IVWL),level1,Leuphana Universität Lüneburg,10232
588746802,"Professur für Volkswirtschaftslehre, insbesondere Makroökonomie",level2,Leuphana Universität Lüneburg,10232
253478742,"Professur für VWL, Angewandte Mikroökonomik",level2,Leuphana Universität Lüneburg,10232
253478967,"Professur für VWL, insbesondere Empirische Wirtschaftsforschung",level2,Leuphana Universität Lüneburg,10232
253478463,"Professur für VWL, insbesondere Geld- und Kapitalmärkte",level2,Leuphana Universität Lüneburg,10232
156062068,Leuphana Law School (LLS),level1,Leuphana Universität Lüneburg,10232
529011768,"Lehrstuhl für Bürgerliches Recht, Rechtsgeschichte und Rechtsvergleichung",level2,Leuphana Universität Lüneburg,10232
253503654,Professur für Baubetriebswirtschaft und Baurecht,level2,Leuphana Universität Lüneburg,10232
253504478,"Professur für Bürgerliches Recht, Arbeitsrecht, Grundlagen des Rechts",level2,Leuphana Universität Lüneburg,10232
253490252,"Professur für Bürgerliches Recht, Handelsrecht, Versicherungsrecht",level2,Leuphana Universität Lüneburg,10232
253489865,"Professur für Bürgerliches Recht, Rechtsvergleichung sowie Intern. Privat- und Verfahrensrecht",level2,Leuphana Universität Lüneburg,10232
253504208,Professur für Deutsches und internationales Wirtschaftsprivatrecht sowie Rechtsvergleichung und Anglo-Amerikanisches Recht,level2,Leuphana Universität Lüneburg,10232
253490476,"Professur für deutsches, europäisches und internationales Privat- und Unternehmensrecht, Rechtsvergleichung",level2,Leuphana Universität Lüneburg,10232
253489990,"Professur für Internationales Steuerrecht, insbesondere Außensteuerrecht",level2,Leuphana Universität Lüneburg,10232
253489593,Professur für Steuerrecht / Betriebliche Steuerlehre,level2,Leuphana Universität Lüneburg,10232
253256065,Forschungszentrum Futures of Ecosystem Services (FuturES),level0,Leuphana Universität Lüneburg,10232
549007151,Gleichstellungsbüro,level0,Leuphana Universität Lüneburg,10232
214179303,Methodenzentrum,level0,Leuphana Universität Lüneburg,10232
214180623,Professur Quantitative Methoden,level1,Leuphana Universität Lüneburg,10232
253256061,Research Center for Entrepreneurship (RCE),level0,Leuphana Universität Lüneburg,10232
253256057,Zentraleinrichtung Sprachenzentrum,level0,Leuphana Universität Lüneburg,10232
243835813,Zentrum Digitale Kulturen (CDC),level0,Leuphana Universität Lüneburg,10232
378949363,Digital Cultures Research Lab (DCRL),level1,Leuphana Universität Lüneburg,10232
26519,Zentrum für Angewandte Gesundheitswissenschaften (ZAG),level0,Leuphana Universität Lüneburg,10232
26550,Sektion Bildung und Gesundheit,level1,Leuphana Universität Lüneburg,10232
26521,"Sektion Sozialmedizin, Gesundheitssoziologie & Versorgungsforschung",level1,Leuphana Universität Lüneburg,10232
26547,"Sektion Umwelt, Nachhaltigkeit & Gesundheit",level1,Leuphana Universität Lüneburg,10232
26551,"Sektion Ökonomie, Management & Gesundheit",level1,Leuphana Universität Lüneburg,10232
21623890,Zentrum für Demokratieforschung (ZDEMO),level0,Leuphana Universität Lüneburg,10232
524542409,Zentrum für Empirische Forschung zu Sprache und Bildung (ERLE),level0,Leuphana Universität Lüneburg,10232
253256069,Zukunftszentrum Lehrerbildung,level0,Leuphana Universität Lüneburg,10232
414113429,HAWK plus Entrepreneurship,level0,HAWK Hochschule für angewandte Wissenschaft und Kunst,10253
970858,Standort Göttingen,level0,HAWK Hochschule für angewandte Wissenschaft und Kunst,10253
980816,Fakultät Ingenieurwissenschaften und Gesundheit,level1,HAWK Hochschule für angewandte Wissenschaft und Kunst,10253
269167050,Abteilung für Laser- und Plasmatechnologie,level2,HAWK Hochschule für angewandte Wissenschaft und Kunst,10253
10573,Fakultät Ressourcenmanagement,level1,HAWK Hochschule für angewandte Wissenschaft und Kunst,10253
133017352,Standort Hildesheim,level0,HAWK Hochschule für angewandte Wissenschaft und Kunst,10253
510237931,Bibliothek,level1,HAWK Hochschule für angewandte Wissenschaft und Kunst,10253
9408907,Fakultät Bauen und Erhalten,level1,HAWK Hochschule für angewandte Wissenschaft und Kunst,10253
97010759,Hornemann Institut,level2,HAWK Hochschule für angewandte Wissenschaft und Kunst,10253
28095170,Labor für Bearbeitungstechnik LBT,level2,HAWK Hochschule für angewandte Wissenschaft und Kunst,10253
402865893,Studienrichtung Geschichte und Theorie der Restaurierung/Kunstgeschichte,level2,HAWK Hochschule für angewandte Wissenschaft und Kunst,10253
318570501,"Studienrichtung Schriftgut, Buch und Graphik",level2,HAWK Hochschule für angewandte Wissenschaft und Kunst,10253
9409718,Fakultät Gestaltung,level1,HAWK Hochschule für angewandte Wissenschaft und Kunst,10253
21419305,Fakultät soziale Arbeit und Gesundheit,level1,HAWK Hochschule für angewandte Wissenschaft und Kunst,10253
277626399,"Studiengang MSc Ergotherapie, Logopädie, Physiotherapie",level2,HAWK Hochschule für angewandte Wissenschaft und Kunst,10253
133037425,Standort Holzminden,level0,HAWK Hochschule für angewandte Wissenschaft und Kunst,10253
234812895,"Fakultät Management, Soziale Arbeit, Bauen",level1,HAWK Hochschule für angewandte Wissenschaft und Kunst,10253
